2025-10-22 15:26:47,743 [INFO] Activator:176 - 


2025-10-22 15:26:47,746 [INFO] Activator:177 - !SESSION log4j initialized
2025-10-22 15:26:54,562 [INFO] LogOutputStream:77 - [STDOUT_REDIRECT] 
2025-10-22 15:27:01,246 [INFO] ApplicationProperties:184 - Using Application install path: /opt/st/stm32cubeide_1.19.0/plugins/com.st.stm32cube.common.mx_6.15.0.202507011659
2025-10-22 15:27:01,277 [INFO] DbMcusXml:78 - Set database path to: /opt/st/stm32cubeide_1.19.0/plugins/com.st.stm32cube.common.mx_6.15.0.202507011659//db//mcu/
2025-10-22 15:27:01,277 [INFO] ApiDb:274 - Set plugin database path to: /opt/st/stm32cubeide_1.19.0/plugins/com.st.stm32cube.common.mx_6.15.0.202507011659//db//plugins/boardmanager/
2025-10-22 15:27:01,278 [WARN] ApiDb:259 - Overriding images path with different value:  => /opt/st/stm32cubeide_1.19.0/plugins/com.st.stm32cube.common.mx_6.15.0.202507011659//db//plugins/mcufinder/images/
2025-10-22 15:27:01,343 [INFO] ApiDb:250 - Set database path to: /home/nathan/.stmcufinder/plugins/mcufinder//mcu/
2025-10-22 15:27:01,364 [INFO] DbMcusAds:125 - Set database path to: /home/nathan/.stmcufinder/plugins/mcufinder//mcu/
2025-10-22 15:27:01,393 [INFO] CrossReferenceDbSqlite:203 - Set database path to: /home/nathan/.stmcufinder/plugins/mcufinder//mcu/cs/
2025-10-22 15:27:01,814 [INFO] RulesReader:64 - Compatibility file has been processed (317 Rules)
2025-10-22 15:27:02,399 [INFO] DbMcusXml:78 - Set database path to: /opt/st/stm32cubeide_1.19.0/plugins/com.st.stm32cube.common.mx_6.15.0.202507011659//db//mcu/
2025-10-22 15:27:02,399 [INFO] ApiDb:274 - Set plugin database path to: /opt/st/stm32cubeide_1.19.0/plugins/com.st.stm32cube.common.mx_6.15.0.202507011659//db//plugins/boardmanager/
2025-10-22 15:27:02,399 [INFO] ApiDb:261 - Set plugin images path to: /opt/st/stm32cubeide_1.19.0/plugins/com.st.stm32cube.common.mx_6.15.0.202507011659//db//plugins/mcufinder/images/
2025-10-22 15:27:02,400 [WARN] DbFile:41 - Overriding database path with different value: /home/nathan/.stmcufinder/plugins/mcufinder/ => /home/nathan/.stmcufinder/plugins/mcufinder
2025-10-22 15:27:02,400 [INFO] ApiDb:250 - Set database path to: /home/nathan/.stmcufinder/plugins/mcufinder//mcu/
2025-10-22 15:27:02,400 [WARN] DbFile:41 - Overriding database path with different value: /home/nathan/.stmcufinder/plugins/mcufinder/ => /home/nathan/.stmcufinder/plugins/mcufinder
2025-10-22 15:27:02,400 [INFO] DbMcusAds:125 - Set database path to: /home/nathan/.stmcufinder/plugins/mcufinder//mcu/
2025-10-22 15:27:02,400 [WARN] DbFile:41 - Overriding database path with different value: /home/nathan/.stmcufinder/plugins/mcufinder/ => /home/nathan/.stmcufinder/plugins/mcufinder
2025-10-22 15:27:02,400 [WARN] DbFile:41 - Overriding database path with different value: /home/nathan/.stmcufinder/plugins/mcufinder/ => /home/nathan/.stmcufinder/plugins/mcufinder
2025-10-22 15:27:02,400 [INFO] CrossReferenceDbSqlite:203 - Set database path to: /home/nathan/.stmcufinder/plugins/mcufinder//mcu/cs/
2025-10-22 15:27:02,480 [INFO] MainPanel:274 - HeapMemory: 285212672
2025-10-22 15:27:02,772 [INFO] DbMcusXml:78 - Set database path to: /opt/st/stm32cubeide_1.19.0/plugins/com.st.stm32cube.common.mx_6.15.0.202507011659//db//mcu/
2025-10-22 15:27:02,772 [INFO] ApiDb:274 - Set plugin database path to: /opt/st/stm32cubeide_1.19.0/plugins/com.st.stm32cube.common.mx_6.15.0.202507011659//db//plugins/boardmanager/
2025-10-22 15:27:02,772 [INFO] ApiDb:261 - Set plugin images path to: /opt/st/stm32cubeide_1.19.0/plugins/com.st.stm32cube.common.mx_6.15.0.202507011659//db//plugins/mcufinder/images/
2025-10-22 15:27:02,772 [WARN] DbFile:41 - Overriding database path with different value: /home/nathan/.stmcufinder/plugins/mcufinder/ => /home/nathan/.stmcufinder/plugins/mcufinder
2025-10-22 15:27:02,772 [INFO] ApiDb:250 - Set database path to: /home/nathan/.stmcufinder/plugins/mcufinder//mcu/
2025-10-22 15:27:02,772 [WARN] DbFile:41 - Overriding database path with different value: /home/nathan/.stmcufinder/plugins/mcufinder/ => /home/nathan/.stmcufinder/plugins/mcufinder
2025-10-22 15:27:02,772 [INFO] DbMcusAds:125 - Set database path to: /home/nathan/.stmcufinder/plugins/mcufinder//mcu/
2025-10-22 15:27:02,772 [WARN] DbFile:41 - Overriding database path with different value: /home/nathan/.stmcufinder/plugins/mcufinder/ => /home/nathan/.stmcufinder/plugins/mcufinder
2025-10-22 15:27:02,772 [WARN] DbFile:41 - Overriding database path with different value: /home/nathan/.stmcufinder/plugins/mcufinder/ => /home/nathan/.stmcufinder/plugins/mcufinder
2025-10-22 15:27:02,772 [INFO] CrossReferenceDbSqlite:203 - Set database path to: /home/nathan/.stmcufinder/plugins/mcufinder//mcu/cs/
2025-10-22 15:27:02,836 [INFO] ApplicationProperties:184 - Using Application install path: /opt/st/stm32cubeide_1.19.0/plugins/com.st.stm32cube.common.mx_6.15.0.202507011659
2025-10-22 15:27:02,843 [INFO] PluginManage:196 - Search for loadable plugins [exclusion list=, ]
2025-10-22 15:27:02,847 [INFO] PluginManage:310 - Check plugin analytics
2025-10-22 15:27:03,527 [INFO] AnalyticsPlugin:253 - Accepted Software Licenses: 
2025-10-22 15:27:03,527 [INFO] AnalyticsPlugin:255 - Accepted CMSIS Pack Licenses: 
2025-10-22 15:27:03,527 [INFO] AnalyticsPlugin:257 - Accepted Firmware Licenses: FW.MP1.1.7.0
2025-10-22 15:27:03,546 [INFO] PluginManage:359 - Loaded plugin analytics (category:tool,tabindex:-1)
2025-10-22 15:27:03,547 [INFO] PluginManage:310 - Check plugin cadmodel
2025-10-22 15:27:03,623 [INFO] CADModel:105 - Init CAD model plugin
2025-10-22 15:27:03,623 [INFO] PluginManage:359 - Loaded plugin cadmodel (category:power,tabindex:5)
2025-10-22 15:27:03,623 [INFO] PluginManage:310 - Check plugin clock
2025-10-22 15:27:03,648 [INFO] PluginManage:359 - Loaded plugin clock (category:base,tabindex:2)
2025-10-22 15:27:03,648 [INFO] PluginManage:310 - Check plugin ddr
2025-10-22 15:27:03,651 [INFO] PluginManage:359 - Loaded plugin ddr (category:tool,tabindex:6)
2025-10-22 15:27:03,651 [INFO] PluginManage:310 - Check plugin filemanager
2025-10-22 15:27:03,992 [INFO] PluginManage:359 - Loaded plugin filemanager (category:base,tabindex:10)
2025-10-22 15:27:03,994 [INFO] PluginManage:310 - Check plugin ipmanager
2025-10-22 15:27:04,014 [INFO] PluginManage:359 - Loaded plugin ipmanager (category:base,tabindex:5)
2025-10-22 15:27:04,015 [INFO] PluginManage:310 - Check plugin lpbam
2025-10-22 15:27:04,037 [INFO] PluginManage:359 - Loaded plugin lpbam (category:base,tabindex:0)
2025-10-22 15:27:04,037 [INFO] PluginManage:310 - Check plugin memorymap
2025-10-22 15:27:04,109 [INFO] PluginManage:359 - Loaded plugin memorymap (category:base,tabindex:4)
2025-10-22 15:27:04,109 [INFO] PluginManage:310 - Check plugin pinoutandconfiguration
2025-10-22 15:27:04,153 [INFO] PluginManage:359 - Loaded plugin pinoutandconfiguration (category:base,tabindex:1)
2025-10-22 15:27:04,154 [INFO] PluginManage:310 - Check plugin pinoutconfig
2025-10-22 15:27:04,402 [WARN] SupportedApi:132 - Cannot load RTOS API schema: s4s-elt-must-match.1: The content of 'definitions' must match (annotation?, (simpleType | complexType)?, (unique | key | keyref)*)). A problem was found starting at: attribute.
2025-10-22 15:27:04,679 [INFO] PluginManage:359 - Loaded plugin pinoutconfig (category:base,tabindex:0)
2025-10-22 15:27:04,679 [INFO] PluginManage:310 - Check plugin power
2025-10-22 15:27:04,723 [INFO] PluginManage:359 - Loaded plugin power (category:power,tabindex:4)
2025-10-22 15:27:04,723 [INFO] PluginManage:310 - Check plugin projectmanager
2025-10-22 15:27:04,741 [INFO] PluginManage:359 - Loaded plugin projectmanager (category:projectmanager,tabindex:4)
2025-10-22 15:27:04,741 [INFO] PluginManage:310 - Check plugin rif
2025-10-22 15:27:04,877 [INFO] PluginManage:359 - Loaded plugin rif (category:base,tabindex:3)
2025-10-22 15:27:04,883 [INFO] PluginManage:310 - Check plugin thirdparty
2025-10-22 15:27:05,178 [INFO] PluginManage:359 - Loaded plugin thirdparty (category:base,tabindex:-1)
2025-10-22 15:27:05,178 [WARN] IntegrityCheckThread:84 - waiting for thirdparty lock release [integrity check]
2025-10-22 15:27:05,178 [INFO] PluginManage:310 - Check plugin tools
2025-10-22 15:27:05,178 [INFO] IntegrityCheckThread:86 - entering critical section [integrity check]
2025-10-22 15:27:05,178 [INFO] ThirdPartyUpdaterWithRetryManager:70 - Updater plugin not ready yet. [1/15]
2025-10-22 15:27:05,180 [INFO] PluginManage:359 - Loaded plugin tools (category:base,tabindex:7)
2025-10-22 15:27:05,181 [INFO] PluginManage:310 - Check plugin tutovideos
2025-10-22 15:27:05,378 [INFO] PluginManage:359 - Loaded plugin tutovideos (category:base,tabindex:-1)
2025-10-22 15:27:05,378 [INFO] PluginManage:310 - Check plugin updater
2025-10-22 15:27:05,399 [INFO] PluginManage:359 - Loaded plugin updater (category:base,tabindex:12)
2025-10-22 15:27:05,400 [INFO] PluginManage:310 - Check plugin userauth
2025-10-22 15:27:05,404 [INFO] UserAuth:118 - Init User Auth plugin
2025-10-22 15:27:05,405 [INFO] PluginManage:359 - Loaded plugin userauth (category:base,tabindex:14)
2025-10-22 15:27:05,405 [INFO] PluginManage:283 - PluginManage : Loaded plugins [18]
2025-10-22 15:27:06,534 [INFO] PinOutPanel:1589 - setPackage(No Configuration,No Configuration)
2025-10-22 15:27:06,867 [INFO] CADModel:165 - CPN selected for project level
2025-10-22 15:27:06,867 [INFO] CADModel:114 - Register for checkConnection events
2025-10-22 15:27:06,883 [INFO] IPUIPlugin:80 - create IPUIPlugin
2025-10-22 15:27:06,884 [INFO] PluginManager:220 - loadIPPluginJar : add fatfs
2025-10-22 15:27:06,885 [INFO] IPUIPlugin:80 - create IPUIPlugin
2025-10-22 15:27:06,885 [INFO] PluginManager:220 - loadIPPluginJar : add tsc
2025-10-22 15:27:06,887 [INFO] IPUIPlugin:80 - create IPUIPlugin
2025-10-22 15:27:06,887 [INFO] PluginManager:220 - loadIPPluginJar : add quadspi
2025-10-22 15:27:06,895 [INFO] IPUIPlugin:80 - create IPUIPlugin
2025-10-22 15:27:06,897 [INFO] PluginManager:220 - loadIPPluginJar : add plateformsettings
2025-10-22 15:27:06,899 [INFO] IPUIPlugin:80 - create IPUIPlugin
2025-10-22 15:27:06,899 [INFO] PluginManager:220 - loadIPPluginJar : add ts
2025-10-22 15:27:06,901 [INFO] IPUIPlugin:80 - create IPUIPlugin
2025-10-22 15:27:06,901 [INFO] PluginManager:220 - loadIPPluginJar : add ucpd
2025-10-22 15:27:06,907 [INFO] IPUIPlugin:80 - create IPUIPlugin
2025-10-22 15:27:06,907 [INFO] PluginManager:220 - loadIPPluginJar : add pdm2pcm
2025-10-22 15:27:06,909 [INFO] IPUIPlugin:80 - create IPUIPlugin
2025-10-22 15:27:06,910 [INFO] PluginManager:220 - loadIPPluginJar : add aes
2025-10-22 15:27:06,913 [INFO] IPUIPlugin:80 - create IPUIPlugin
2025-10-22 15:27:06,913 [INFO] PluginManager:220 - loadIPPluginJar : add opamp
2025-10-22 15:27:06,916 [INFO] IPUIPlugin:80 - create IPUIPlugin
2025-10-22 15:27:06,916 [INFO] PluginManager:220 - loadIPPluginJar : add ipddr
2025-10-22 15:27:06,924 [INFO] IPUIPlugin:80 - create IPUIPlugin
2025-10-22 15:27:06,924 [INFO] PluginManager:220 - loadIPPluginJar : add freertos
2025-10-22 15:27:06,932 [INFO] IPUIPlugin:80 - create IPUIPlugin
2025-10-22 15:27:06,933 [INFO] PluginManager:220 - loadIPPluginJar : add adc
2025-10-22 15:27:06,935 [INFO] IPUIPlugin:80 - create IPUIPlugin
2025-10-22 15:27:06,935 [INFO] PluginManager:220 - loadIPPluginJar : add gfxmmu
2025-10-22 15:27:06,941 [INFO] IPUIPlugin:80 - create IPUIPlugin
2025-10-22 15:27:06,942 [INFO] PluginManager:220 - loadIPPluginJar : add mdma
2025-10-22 15:27:06,945 [INFO] IPUIPlugin:80 - create IPUIPlugin
2025-10-22 15:27:06,945 [INFO] PluginManager:220 - loadIPPluginJar : add i3c
2025-10-22 15:27:06,947 [INFO] IPUIPlugin:80 - create IPUIPlugin
2025-10-22 15:27:06,947 [INFO] PluginManager:220 - loadIPPluginJar : add tracer_emb
2025-10-22 15:27:06,949 [INFO] IPUIPlugin:80 - create IPUIPlugin
2025-10-22 15:27:06,949 [INFO] PluginManager:220 - loadIPPluginJar : add dfsdm
2025-10-22 15:27:06,951 [INFO] IPUIPlugin:80 - create IPUIPlugin
2025-10-22 15:27:06,951 [INFO] PluginManager:220 - loadIPPluginJar : add usart
2025-10-22 15:27:06,953 [INFO] IPUIPlugin:80 - create IPUIPlugin
2025-10-22 15:27:06,953 [INFO] PluginManager:220 - loadIPPluginJar : add extmemmanager
2025-10-22 15:27:06,959 [INFO] IPUIPlugin:80 - create IPUIPlugin
2025-10-22 15:27:06,959 [INFO] PluginManager:220 - loadIPPluginJar : add gpio
2025-10-22 15:27:06,962 [INFO] IPUIPlugin:80 - create IPUIPlugin
2025-10-22 15:27:06,962 [INFO] PluginManager:220 - loadIPPluginJar : add openamp
2025-10-22 15:27:06,968 [INFO] IPUIPlugin:80 - create IPUIPlugin
2025-10-22 15:27:06,968 [INFO] PluginManager:220 - loadIPPluginJar : add gic
2025-10-22 15:27:06,972 [INFO] IPUIPlugin:80 - create IPUIPlugin
2025-10-22 15:27:06,972 [INFO] PluginManager:220 - loadIPPluginJar : add ddr_ctrl_phy
2025-10-22 15:27:06,974 [INFO] IPUIPlugin:80 - create IPUIPlugin
2025-10-22 15:27:06,974 [INFO] PluginManager:220 - loadIPPluginJar : add spi
2025-10-22 15:27:06,976 [INFO] IPUIPlugin:80 - create IPUIPlugin
2025-10-22 15:27:06,976 [INFO] PluginManager:220 - loadIPPluginJar : add radio
2025-10-22 15:27:06,979 [INFO] IPUIPlugin:80 - create IPUIPlugin
2025-10-22 15:27:06,979 [INFO] PluginManager:220 - loadIPPluginJar : add touchsensing
2025-10-22 15:27:06,984 [INFO] IPUIPlugin:80 - create IPUIPlugin
2025-10-22 15:27:06,984 [INFO] PluginManager:220 - loadIPPluginJar : add resmgrutility
2025-10-22 15:27:06,990 [INFO] IPUIPlugin:80 - create IPUIPlugin
2025-10-22 15:27:06,990 [INFO] PluginManager:220 - loadIPPluginJar : add stm32_wpan
2025-10-22 15:27:06,993 [INFO] IPUIPlugin:80 - create IPUIPlugin
2025-10-22 15:27:06,993 [INFO] PluginManager:220 - loadIPPluginJar : add usbx
2025-10-22 15:27:06,995 [INFO] IPUIPlugin:80 - create IPUIPlugin
2025-10-22 15:27:06,995 [INFO] PluginManager:220 - loadIPPluginJar : add lorawan
2025-10-22 15:27:06,997 [INFO] IPUIPlugin:80 - create IPUIPlugin
2025-10-22 15:27:06,997 [INFO] PluginManager:220 - loadIPPluginJar : add hash
2025-10-22 15:27:07,002 [INFO] IPUIPlugin:80 - create IPUIPlugin
2025-10-22 15:27:07,002 [INFO] PluginManager:220 - loadIPPluginJar : add nvic
2025-10-22 15:27:07,004 [INFO] IPUIPlugin:80 - create IPUIPlugin
2025-10-22 15:27:07,005 [INFO] PluginManager:220 - loadIPPluginJar : add can
2025-10-22 15:27:07,011 [INFO] IPUIPlugin:80 - create IPUIPlugin
2025-10-22 15:27:07,011 [INFO] PluginManager:220 - loadIPPluginJar : add linkedlist
2025-10-22 15:27:07,014 [INFO] IPUIPlugin:80 - create IPUIPlugin
2025-10-22 15:27:07,014 [INFO] PluginManager:220 - loadIPPluginJar : add dma3
2025-10-22 15:27:07,015 [INFO] IPUIPlugin:80 - create IPUIPlugin
2025-10-22 15:27:07,016 [INFO] PluginManager:220 - loadIPPluginJar : add i2c
2025-10-22 15:27:07,018 [INFO] IPUIPlugin:80 - create IPUIPlugin
2025-10-22 15:27:07,018 [INFO] PluginManager:220 - loadIPPluginJar : add cryp
2025-10-22 15:27:07,019 [INFO] IPUIPlugin:80 - create IPUIPlugin
2025-10-22 15:27:07,019 [INFO] PluginManager:220 - loadIPPluginJar : add ltdc
2025-10-22 15:27:07,022 [INFO] IPUIPlugin:80 - create IPUIPlugin
2025-10-22 15:27:07,022 [INFO] PluginManager:220 - loadIPPluginJar : add i2s
2025-10-22 15:27:07,028 [INFO] IPUIPlugin:80 - create IPUIPlugin
2025-10-22 15:27:07,028 [INFO] PluginManager:220 - loadIPPluginJar : add dma
2025-10-22 15:27:07,029 [INFO] IPUIPlugin:80 - create IPUIPlugin
2025-10-22 15:27:07,029 [INFO] PluginManager:220 - loadIPPluginJar : add genericplugin
2025-10-22 15:27:07,032 [INFO] IPUIPlugin:80 - create IPUIPlugin
2025-10-22 15:27:07,032 [INFO] PluginManager:220 - loadIPPluginJar : add gtzc
2025-10-22 15:27:07,034 [INFO] IPUIPlugin:80 - create IPUIPlugin
2025-10-22 15:27:07,034 [INFO] PluginManager:220 - loadIPPluginJar : add tim
2025-10-22 15:27:07,035 [INFO] IPUIPlugin:80 - create IPUIPlugin
2025-10-22 15:27:07,035 [INFO] PluginManager:220 - loadIPPluginJar : add comp
2025-10-22 15:27:07,039 [INFO] IPUIPlugin:80 - create IPUIPlugin
2025-10-22 15:27:07,039 [INFO] PluginManager:220 - loadIPPluginJar : add sai
2025-10-22 15:27:07,043 [INFO] IPUIPlugin:80 - create IPUIPlugin
2025-10-22 15:27:07,043 [INFO] PluginManager:220 - loadIPPluginJar : add fmc
2025-10-22 15:27:07,140 [FATAL] Updater:351 - Updater called before beeing initialized
2025-10-22 15:27:07,170 [INFO] RulesReader:64 - Compatibility file has been processed (317 Rules)
2025-10-22 15:27:07,175 [INFO] RulesReader:64 - Compatibility file has been processed (317 Rules)
2025-10-22 15:27:07,188 [INFO] CADModel:165 - CPN selected for project level
2025-10-22 15:27:07,188 [INFO] CADModel:114 - Register for checkConnection events
2025-10-22 15:27:07,188 [FATAL] Updater:351 - Updater called before beeing initialized
2025-10-22 15:27:07,188 [ERROR] CADModel:125 - Updater not yet initialized, retry later 
2025-10-22 15:27:07,511 [FATAL] Updater:351 - Updater called before beeing initialized
2025-10-22 15:27:07,539 [INFO] CADModel:165 - CPN selected for project level
2025-10-22 15:27:07,539 [INFO] CADModel:114 - Register for checkConnection events
2025-10-22 15:27:07,539 [FATAL] Updater:351 - Updater called before beeing initialized
2025-10-22 15:27:07,539 [ERROR] CADModel:125 - Updater not yet initialized, retry later 
2025-10-22 15:27:07,551 [FATAL] Updater:351 - Updater called before beeing initialized
2025-10-22 15:27:07,878 [FATAL] Updater:351 - Updater called before beeing initialized
2025-10-22 15:27:07,882 [INFO] DbMcusAds:53 - JSON generation date=Thu Oct 02 10:36:05 BST 2025 (1759397765045)
2025-10-22 15:27:07,883 [FATAL] Updater:351 - Updater called before beeing initialized
2025-10-22 15:27:07,990 [WARN] DetailPanel:346 - Failed to get advertising image, set to default
2025-10-22 15:27:08,126 [FATAL] Updater:351 - Updater called before beeing initialized
2025-10-22 15:27:08,146 [FATAL] Updater:351 - Updater called before beeing initialized
2025-10-22 15:27:08,146 [FATAL] Updater:351 - Updater called before beeing initialized
2025-10-22 15:27:08,155 [WARN] DetailPanel:346 - Failed to get advertising image, set to default
2025-10-22 15:27:08,180 [INFO] ThirdPartyUpdaterWithRetryManager:70 - Updater plugin not ready yet. [2/15]
2025-10-22 15:27:08,195 [FATAL] Updater:351 - Updater called before beeing initialized
2025-10-22 15:27:08,340 [ERROR] Updater:1198 - MainUpdater not yet initialized. External WinMGr cannot be set.
2025-10-22 15:27:08,342 [INFO] Updater:1134 - Updater Version found : 6.15.0
2025-10-22 15:27:08,360 [INFO] ApplicationProperties:184 - Using Application install path: /opt/st/stm32cubeide_1.19.0/plugins/com.st.stm32cube.common.mx_6.15.0.202507011659
2025-10-22 15:27:08,382 [ERROR] LogOutputStream:75 - [STDERR_REDIRECT] Oct 22, 2025 3:27:08 PM java.util.prefs.FileSystemPreferences$2 run
2025-10-22 15:27:08,382 [ERROR] LogOutputStream:75 - [STDERR_REDIRECT] WARNING: Could not create system preferences directory. System preferences are unusable.
2025-10-22 15:27:08,382 [ERROR] LogOutputStream:75 - [STDERR_REDIRECT] 
2025-10-22 15:27:09,029 [INFO] MainUpdater:2872 - connection check result : 10
2025-10-22 15:27:09,029 [INFO] MainUpdater:3604 - Updater definition file requires update
2025-10-22 15:27:09,030 [INFO] MainUpdater:289 - Updater Check For Update Now.
2025-10-22 15:27:09,030 [INFO] MicroXplorer:498 - Change Database Version : DB.6.0.150
2025-10-22 15:27:09,034 [INFO] McuFinderGlobals:63 - Set McuFinder mode to 2 (CubeIDE integrated)
2025-10-22 15:27:09,034 [INFO] UserAuth:171 - activating auth plugin
2025-10-22 15:27:09,037 [INFO] UserAuth:487 - Internet connection configuration mode: 1
2025-10-22 15:27:09,060 [INFO] JxBrowserEngine:152 - Initiate JxBrowser Engine with user profile folder
2025-10-22 15:27:09,080 [INFO] ServerAccessManage:452 - Complete download http(s) 200
2025-10-22 15:27:09,081 [INFO] ServerAccessManage:509 - Download File updaters.zip
2025-10-22 15:27:09,299 [INFO] FileExtend:248 - Unzip File : updaters.zip
2025-10-22 15:27:09,299 [INFO] FileExtend:263 - Standard Zip Deflate
2025-10-22 15:27:10,116 [INFO] ServerAccessManage:452 - Complete download http(s) 200
2025-10-22 15:27:10,126 [INFO] ServerAccessManage:509 - Download File PacksControlFlags.xml
2025-10-22 15:27:10,291 [INFO] ServerAccessManage:452 - Complete download http(s) 200
2025-10-22 15:27:10,291 [INFO] ServerAccessManage:509 - Download File cubemx.pidx
2025-10-22 15:27:11,189 [WARN] MainUpdater:1193 - Updater busy. Cannot search thirdparties
2025-10-22 15:27:11,190 [INFO] ThirdPartyUpdaterWithRetryManager:96 - Updater plugin is busy. [1/15]
2025-10-22 15:27:11,492 [INFO] ServerAccessManage:452 - Complete download http(s) 200
2025-10-22 15:27:11,492 [INFO] ServerAccessManage:509 - Download File STMicroelectronics.X-CUBE-IPS.pdsc
2025-10-22 15:27:12,498 [INFO] ServerAccessManage:452 - Complete download http(s) 200
2025-10-22 15:27:12,498 [INFO] ServerAccessManage:509 - Download File STMicroelectronics.X-CUBE-ST60.pdsc
2025-10-22 15:27:12,923 [INFO] ServerAccessManage:452 - Complete download http(s) 200
2025-10-22 15:27:12,923 [INFO] ServerAccessManage:509 - Download File STMicroelectronics.X-CUBE-ST67W61.pdsc
2025-10-22 15:27:14,194 [WARN] MainUpdater:1193 - Updater busy. Cannot search thirdparties
2025-10-22 15:27:14,194 [INFO] ThirdPartyUpdaterWithRetryManager:96 - Updater plugin is busy. [2/15]
2025-10-22 15:27:14,914 [WARN] PackLoader:240 - Cannot read IP mode file for STMicroelectronics.X-CUBE-IPS.3.2.0
2025-10-22 15:27:14,992 [WARN] PackLoader:240 - Cannot read IP mode file for STMicroelectronics.X-CUBE-ST60.1.1.0
2025-10-22 15:27:14,999 [INFO] CheckServerUpdateThread:120 - End of CheckServer Thread
2025-10-22 15:27:15,008 [WARN] PackLoader:240 - Cannot read IP mode file for STMicroelectronics.X-CUBE-ST67W61.1.1.0
2025-10-22 15:27:15,017 [INFO] PopulateThirdPartyThread:66 - Ending populate Thread
2025-10-22 15:27:15,018 [INFO] ThirdParty:1030 - CMSIS Pack Vendor :STMicroelectronics X-CUBE-ST67W61 1.1.0
2025-10-22 15:27:15,018 [INFO] ThirdParty:1030 - CMSIS Pack Vendor :STMicroelectronics X-CUBE-IPS 3.2.0
2025-10-22 15:27:15,018 [INFO] ThirdParty:1030 - CMSIS Pack Vendor :STMicroelectronics X-CUBE-ST60 1.1.0
2025-10-22 15:27:15,019 [INFO] LoadServerUpdatesThread:375 - End of LoadServerUpdate Thread
2025-10-22 15:27:15,828 [INFO] WebApp:169 - Instantiating new browser for Auth
2025-10-22 15:27:17,647 [WARN] PackLoader:240 - Cannot read IP mode file for STMicroelectronics.FP-SNS-MOTENVWB1.1.4.0
2025-10-22 15:27:17,650 [WARN] PackLoader:240 - Cannot read IP mode file for STMicroelectronics.FP-ATR-ASTRA1.2.0.2
2025-10-22 15:27:17,653 [WARN] PackLoader:240 - Cannot read IP mode file for STMicroelectronics.X-CUBE-SMBUS.2.1.0
2025-10-22 15:27:17,656 [WARN] PackLoader:240 - Cannot read IP mode file for STMicroelectronics.X-CUBE-ST60.1.0.0
2025-10-22 15:27:17,670 [WARN] PackLoader:240 - Cannot read IP mode file for STMicroelectronics.X-CUBE-AZRTOS-F7.1.1.0
2025-10-22 15:27:17,673 [WARN] PackLoader:240 - Cannot read IP mode file for Cesanta.I-CUBE-Mongoose.7.19.0
2025-10-22 15:27:17,677 [WARN] PackLoader:240 - Cannot read IP mode file for WES.I-CUBE-Cesium.1.4.0
2025-10-22 15:27:17,687 [WARN] PackLoader:240 - Cannot read IP mode file for Infineon.AIROC-Wi-Fi-Bluetooth-STM32.1.7.1
2025-10-22 15:27:17,700 [WARN] PackLoader:240 - Cannot read IP mode file for STMicroelectronics.X-CUBE-AZRTOS-H7.3.4.0
2025-10-22 15:27:17,707 [WARN] PackLoader:240 - Cannot read IP mode file for STMicroelectronics.X-CUBE-DISPLAY.3.0.0
2025-10-22 15:27:17,716 [WARN] PackLoader:240 - Cannot read IP mode file for STMicroelectronics.X-CUBE-NFC10.1.0.0
2025-10-22 15:27:17,729 [WARN] PackLoader:240 - Cannot read IP mode file for STMicroelectronics.X-CUBE-ST60.1.1.0
2025-10-22 15:27:17,733 [WARN] PackLoader:240 - Cannot read IP mode file for emotas.I-CUBE-CANOPEN.1.3.0
2025-10-22 15:27:17,743 [WARN] PackLoader:240 - Cannot read IP mode file for STMicroelectronics.FP-SNS-STBOX1.2.1.0
2025-10-22 15:27:17,747 [WARN] PackLoader:240 - Cannot read IP mode file for STMicroelectronics.FP-SNS-SMARTAG2.1.2.0
2025-10-22 15:27:17,749 [WARN] PackLoader:240 - Cannot read IP mode file for STMicroelectronics.FP-SNS-FLIGHT1.5.1.0
2025-10-22 15:27:17,755 [INFO] LogOutputStream:77 - [STDOUT_REDIRECT] 1 : Invalid condition id : UX_CORESTACK_Condition cause : null
2025-10-22 15:27:17,756 [INFO] LogOutputStream:77 - [STDOUT_REDIRECT] 1 : Invalid condition id : UX_CORESTACK_Condition cause : null
2025-10-22 15:27:17,758 [INFO] LogOutputStream:77 - [STDOUT_REDIRECT] 1 : Invalid condition id : UX_CORESTACK_Condition cause : null
2025-10-22 15:27:17,758 [INFO] LogOutputStream:77 - [STDOUT_REDIRECT] 1 : Invalid condition id : UX_CORESTACK_Condition cause : null
2025-10-22 15:27:17,759 [INFO] LogOutputStream:77 - [STDOUT_REDIRECT] 1 : Invalid condition id : UX_CORESTACK_Condition cause : null
2025-10-22 15:27:17,760 [WARN] PackLoader:240 - Cannot read IP mode file for STMicroelectronics.X-CUBE-AZRTOS-WL.2.0.0
2025-10-22 15:27:17,763 [WARN] PackLoader:240 - Cannot read IP mode file for STMicroelectronics.FP-SNS-MOTENV1.5.0.0
2025-10-22 15:27:17,796 [WARN] PackLoader:240 - Cannot read IP mode file for STMicroelectronics.X-CUBE-BLE2.3.3.0
2025-10-22 15:27:17,801 [WARN] PackLoader:240 - Cannot read IP mode file for STMicroelectronics.X-CUBE-NFC9.1.0.0
2025-10-22 15:27:17,805 [WARN] PackLoader:240 - Cannot read IP mode file for wolfSSL.I-CUBE-wolfSSL.5.8.2
2025-10-22 15:27:17,808 [WARN] PackLoader:240 - Cannot read IP mode file for STMicroelectronics.X-CUBE-BLE1.7.1.0
2025-10-22 15:27:17,810 [WARN] PackLoader:240 - Cannot read IP mode file for wolfSSL.I-CUBE-wolfMQTT.1.19.2
2025-10-22 15:27:17,812 [WARN] PackLoader:240 - Cannot read IP mode file for STMicroelectronics.X-CUBE-EEPRMA1.5.2.0
2025-10-22 15:27:17,818 [WARN] PackLoader:240 - Cannot read IP mode file for STMicroelectronics.X-CUBE-ST67W61.1.1.0
2025-10-22 15:27:17,839 [WARN] PackLoader:240 - Cannot read IP mode file for STMicroelectronics.X-CUBE-AZRTOS-G0.1.1.0
2025-10-22 15:27:17,853 [WARN] PackLoader:240 - Cannot read IP mode file for STMicroelectronics.X-CUBE-SAFEA1.1.2.2
2025-10-22 15:27:17,861 [WARN] PackLoader:240 - Cannot read IP mode file for STMicroelectronics.X-CUBE-NFC4.3.0.0
2025-10-22 15:27:17,882 [WARN] PackLoader:240 - Cannot read IP mode file for EmbeddedOffice.I-CUBE-FS-RTOS.1.0.1
2025-10-22 15:27:17,894 [WARN] PackLoader:240 - Cannot read IP mode file for STMicroelectronics.X-CUBE-WB05N.2.0.0
2025-10-22 15:27:17,914 [WARN] PackLoader:240 - Cannot read IP mode file for wolfSSL.I-CUBE-wolfTPM.3.8.0
2025-10-22 15:27:17,922 [WARN] PackLoader:240 - Cannot read IP mode file for STMicroelectronics.X-CUBE-TCPP.4.2.0
2025-10-22 15:27:17,936 [WARN] PackLoader:240 - Cannot read IP mode file for RealThread.X-CUBE-RT-Thread_Nano.4.1.1
2025-10-22 15:27:17,941 [WARN] PackLoader:240 - Cannot read IP mode file for STMicroelectronics.FP-ATR-SIGFOX1.3.2.0
2025-10-22 15:27:17,947 [WARN] PackLoader:240 - Cannot read IP mode file for ITTIA_DB.I-CUBE-ITTIADB.8.9.0
2025-10-22 15:27:18,051 [WARN] PackLoader:240 - Cannot read IP mode file for STMicroelectronics.X-CUBE-ST67W61.1.0.0
2025-10-22 15:27:18,091 [WARN] PackLoader:240 - Cannot read IP mode file for STMicroelectronics.X-CUBE-AI.10.2.0
2025-10-22 15:27:18,276 [WARN] PackLoader:240 - Cannot read IP mode file for SEGGER.I-CUBE-embOS.1.3.1
2025-10-22 15:27:18,491 [WARN] PackLoader:240 - Cannot read IP mode file for STMicroelectronics.X-CUBE-ALGOBUILD.1.4.0
2025-10-22 15:27:18,801 [WARN] PackLoader:240 - Cannot read IP mode file for STMicroelectronics.X-CUBE-MEMS1.11.3.0
2025-10-22 15:27:19,156 [WARN] PackLoader:240 - Cannot read IP mode file for STMicroelectronics.X-CUBE-PM33A1.1.0.0
2025-10-22 15:27:19,223 [WARN] PackLoader:240 - Cannot read IP mode file for STMicroelectronics.X-CUBE-AZRTOS-F4.1.1.0
2025-10-22 15:27:19,231 [WARN] PackLoader:240 - Cannot read IP mode file for STMicroelectronics.X-CUBE-ISPU.2.1.0
2025-10-22 15:27:19,257 [WARN] PackLoader:240 - Cannot read IP mode file for STMicroelectronics.X-CUBE-IPS.3.2.0
2025-10-22 15:27:19,305 [WARN] PackLoader:240 - Cannot read IP mode file for STMicroelectronics.X-CUBE-NFC12.1.0.0
2025-10-22 15:27:19,394 [WARN] PackLoader:240 - Cannot read IP mode file for STMicroelectronics.X-CUBE-AZRTOS-L5.2.0.0
2025-10-22 15:27:19,426 [WARN] PackLoader:240 - Cannot read IP mode file for STMicroelectronics.X-CUBE-NFC6.3.1.0
2025-10-22 15:27:19,460 [WARN] PackLoader:240 - Cannot read IP mode file for STMicroelectronics.X-CUBE-FREERTOS.1.3.1
2025-10-22 15:27:19,484 [WARN] PackLoader:240 - Cannot read IP mode file for STMicroelectronics.X-CUBE-TOUCHGFX.4.26.0
2025-10-22 15:27:19,496 [WARN] PackLoader:240 - Cannot read IP mode file for STMicroelectronics.FP-SNS-STAIOTCFT.1.0.0
2025-10-22 15:27:19,528 [WARN] PackLoader:240 - Cannot read IP mode file for STMicroelectronics.X-CUBE-DPower.1.3.0
2025-10-22 15:27:19,594 [WARN] ConditionMgr:438 - getConditionDescription Invalid condition id : LAN8742 Phy interface Condition cause : null
2025-10-22 15:27:19,594 [WARN] PackLoader:240 - Cannot read IP mode file for STMicroelectronics.X-CUBE-AZRTOS-L4.2.0.0
2025-10-22 15:27:19,595 [WARN] ConditionMgr:1044 - genDependencies : Invalid condition id : LAN8742 Phy interface Condition cause : null
2025-10-22 15:27:19,595 [WARN] ConditionMgr:1044 - genDependencies : Invalid condition id : LAN8742 Phy interface Condition cause : null
2025-10-22 15:27:19,595 [WARN] ConditionMgr:1044 - genDependencies : Invalid condition id : LAN8742 Phy interface Condition cause : null
2025-10-22 15:27:19,628 [WARN] PackLoader:240 - Cannot read IP mode file for STMicroelectronics.X-CUBE-SFXS2LP1.4.0.0
2025-10-22 15:27:19,675 [WARN] PackLoader:240 - Cannot read IP mode file for STMicroelectronics.X-CUBE-BLEMGR.4.1.0
2025-10-22 15:27:19,756 [WARN] ConditionMgr:438 - getConditionDescription Invalid condition id : UX DEVICE CLASS RTOS Condition cause : null
2025-10-22 15:27:19,756 [WARN] ConditionMgr:438 - getConditionDescription Invalid condition id : UX DEVICE CLASS RTOS Condition cause : null
2025-10-22 15:27:19,757 [WARN] PackLoader:240 - Cannot read IP mode file for STMicroelectronics.X-CUBE-AZRTOS-WB.2.0.0
2025-10-22 15:27:19,760 [WARN] ConditionMgr:1044 - genDependencies : Invalid condition id : UX DEVICE CLASS RTOS Condition cause : null
2025-10-22 15:27:19,760 [WARN] ConditionMgr:1044 - genDependencies : Invalid condition id : UX DEVICE CLASS RTOS Condition cause : null
2025-10-22 15:27:19,760 [WARN] ConditionMgr:1044 - genDependencies : Invalid condition id : UX DEVICE CLASS RTOS Condition cause : null
2025-10-22 15:27:19,760 [WARN] ConditionMgr:1044 - genDependencies : Invalid condition id : UX DEVICE CLASS RTOS Condition cause : null
2025-10-22 15:27:19,760 [WARN] ConditionMgr:1044 - genDependencies : Invalid condition id : UX DEVICE CLASS RTOS Condition cause : null
2025-10-22 15:27:19,775 [WARN] PackLoader:240 - Cannot read IP mode file for STMicroelectronics.X-CUBE-GNSS1.7.0.1
2025-10-22 15:27:19,782 [WARN] ConditionMgr:438 - getConditionDescription Invalid condition id : Cortex-A Device cause : null
2025-10-22 15:27:19,899 [WARN] ConditionMgr:1044 - genDependencies : Invalid condition id : Cortex-A Device cause : null
2025-10-22 15:27:19,899 [WARN] ConditionMgr:1044 - genDependencies : Invalid condition id : Cortex-A Device cause : null
2025-10-22 15:27:19,899 [WARN] ConditionMgr:1044 - genDependencies : Invalid condition id : Cortex-A Device cause : null
2025-10-22 15:27:19,940 [WARN] PackLoader:240 - Cannot read IP mode file for STMicroelectronics.X-CUBE-SUBG2.5.0.0
2025-10-22 15:27:19,985 [WARN] PackLoader:240 - Cannot read IP mode file for STMicroelectronics.X-CUBE-AZRTOS-H7RS.1.1.0
2025-10-22 15:27:20,027 [WARN] PackLoader:240 - Cannot read IP mode file for STMicroelectronics.X-CUBE-AZRTOS-G4.2.0.0
2025-10-22 15:27:20,031 [WARN] PackLoader:240 - Cannot read IP mode file for wolfSSL.I-CUBE-wolfSSH.1.4.20
2025-10-22 15:27:20,035 [WARN] PackLoader:240 - Cannot read IP mode file for STMicroelectronics.X-CUBE-NFC7.2.0.0
2025-10-22 15:27:20,042 [WARN] PackLoader:240 - Cannot read IP mode file for STMicroelectronics.X-CUBE-IPS.3.1.0
2025-10-22 15:27:20,070 [WARN] PackLoader:240 - Cannot read IP mode file for STMicroelectronics.X-CUBE-ALS.1.0.2
2025-10-22 15:27:20,125 [WARN] PackLoader:240 - Cannot read IP mode file for STMicroelectronics.X-CUBE-STSE01.1.0.0
2025-10-22 15:27:20,189 [WARN] PackLoader:240 - Cannot read IP mode file for STMicroelectronics.X-CUBE-TOF1.3.4.3
2025-10-22 15:27:20,200 [INFO] ThirdParty:978 - Integrity check success = true
2025-10-22 15:27:20,200 [INFO] IntegrityCheckThread:100 - exiting critical section [integrity check]
2025-10-22 15:27:20,200 [INFO] IntegrityCheckThread:103 - End integrity checks thread
2025-10-22 15:27:21,584 [ERROR] LogOutputStream:75 - [STDERR_REDIRECT] Oct 22, 2025 3:27:21 PM java.util.prefs.FileSystemPreferences checkLockFile0ErrorCode
2025-10-22 15:27:21,585 [ERROR] LogOutputStream:75 - [STDERR_REDIRECT] WARNING: Could not lock System prefs. Unix error code 2.
2025-10-22 15:27:21,585 [ERROR] LogOutputStream:75 - [STDERR_REDIRECT] 
2025-10-22 15:27:21,591 [ERROR] LogOutputStream:75 - [STDERR_REDIRECT] Oct 22, 2025 3:27:21 PM java.util.prefs.FileSystemPreferences syncWorld
2025-10-22 15:27:21,631 [ERROR] LogOutputStream:75 - [STDERR_REDIRECT] WARNING: Couldn't flush system prefs: java.util.prefs.BackingStoreException: Couldn't get file lock.
2025-10-22 15:27:21,631 [ERROR] LogOutputStream:75 - [STDERR_REDIRECT] 
2025-10-22 15:27:22,774 [INFO] WebApp:463 - Apply proxy settings
2025-10-22 15:27:22,778 [INFO] WebApp:548 - Chromium requires no authentication
2025-10-22 15:27:23,002 [INFO] WebApp:491 - Direct internet connection detected
2025-10-22 15:27:23,322 [INFO] WebApp:900 - Register for checkConnection events
2025-10-22 15:27:23,330 [INFO] WebApp:463 - Apply proxy settings
2025-10-22 15:27:23,351 [INFO] WebApp:548 - Chromium requires no authentication
2025-10-22 15:27:23,414 [INFO] WebApp:491 - Direct internet connection detected
2025-10-22 15:27:24,458 [INFO] WebApp:225 - Starting web application
2025-10-22 15:27:24,458 [INFO] WebApp:593 - Web application path used /opt/st/stm32cubeide_1.19.0/plugins/com.st.stm32cube.common.mx_6.15.0.202507011659/db/plugins/mcufinder/reactClient1/index.html
2025-10-22 15:27:25,210 [INFO] WebApp:191 - Connection restablished
2025-10-22 15:27:38,297 [INFO] WebApp:194 - Connection lost
2025-10-22 15:27:38,720 [INFO] WebApp:191 - Connection restablished
2025-10-22 15:27:51,308 [ERROR] LogOutputStream:75 - [STDERR_REDIRECT] Oct 22, 2025 3:27:51 PM java.util.prefs.FileSystemPreferences checkLockFile0ErrorCode
2025-10-22 15:27:51,310 [ERROR] LogOutputStream:75 - [STDERR_REDIRECT] WARNING: Could not lock System prefs. Unix error code 2.
2025-10-22 15:27:51,310 [ERROR] LogOutputStream:75 - [STDERR_REDIRECT] 
2025-10-22 15:27:51,310 [ERROR] LogOutputStream:75 - [STDERR_REDIRECT] Oct 22, 2025 3:27:51 PM java.util.prefs.FileSystemPreferences syncWorld
2025-10-22 15:27:51,310 [ERROR] LogOutputStream:75 - [STDERR_REDIRECT] WARNING: Couldn't flush system prefs: java.util.prefs.BackingStoreException: Couldn't get file lock.
2025-10-22 15:27:51,314 [ERROR] LogOutputStream:75 - [STDERR_REDIRECT] 
2025-10-22 15:28:21,311 [ERROR] LogOutputStream:75 - [STDERR_REDIRECT] Oct 22, 2025 3:28:21 PM java.util.prefs.FileSystemPreferences checkLockFile0ErrorCode
2025-10-22 15:28:21,311 [ERROR] LogOutputStream:75 - [STDERR_REDIRECT] WARNING: Could not lock System prefs. Unix error code 2.
2025-10-22 15:28:21,312 [ERROR] LogOutputStream:75 - [STDERR_REDIRECT] 
2025-10-22 15:28:21,312 [ERROR] LogOutputStream:75 - [STDERR_REDIRECT] Oct 22, 2025 3:28:21 PM java.util.prefs.FileSystemPreferences syncWorld
2025-10-22 15:28:21,312 [ERROR] LogOutputStream:75 - [STDERR_REDIRECT] WARNING: Couldn't flush system prefs: java.util.prefs.BackingStoreException: Couldn't get file lock.
2025-10-22 15:28:21,312 [ERROR] LogOutputStream:75 - [STDERR_REDIRECT] 
2025-10-22 15:28:24,005 [INFO] WebApp:194 - Connection lost
2025-10-22 15:28:24,431 [INFO] WebApp:191 - Connection restablished
2025-10-22 15:28:51,326 [ERROR] LogOutputStream:75 - [STDERR_REDIRECT] Oct 22, 2025 3:28:51 PM java.util.prefs.FileSystemPreferences checkLockFile0ErrorCode
2025-10-22 15:28:51,331 [ERROR] LogOutputStream:75 - [STDERR_REDIRECT] WARNING: Could not lock System prefs. Unix error code 2.
2025-10-22 15:28:51,332 [ERROR] LogOutputStream:75 - [STDERR_REDIRECT] 
2025-10-22 15:28:51,332 [ERROR] LogOutputStream:75 - [STDERR_REDIRECT] Oct 22, 2025 3:28:51 PM java.util.prefs.FileSystemPreferences syncWorld
2025-10-22 15:28:51,332 [ERROR] LogOutputStream:75 - [STDERR_REDIRECT] WARNING: Couldn't flush system prefs: java.util.prefs.BackingStoreException: Couldn't get file lock.
2025-10-22 15:28:51,332 [ERROR] LogOutputStream:75 - [STDERR_REDIRECT] 
2025-10-22 15:29:09,821 [INFO] WebApp:194 - Connection lost
2025-10-22 15:29:10,215 [INFO] WebApp:191 - Connection restablished
2025-10-22 15:29:21,314 [ERROR] LogOutputStream:75 - [STDERR_REDIRECT] Oct 22, 2025 3:29:21 PM java.util.prefs.FileSystemPreferences checkLockFile0ErrorCode
2025-10-22 15:29:21,314 [ERROR] LogOutputStream:75 - [STDERR_REDIRECT] WARNING: Could not lock System prefs. Unix error code 2.
2025-10-22 15:29:21,321 [ERROR] LogOutputStream:75 - [STDERR_REDIRECT] 
2025-10-22 15:29:21,322 [ERROR] LogOutputStream:75 - [STDERR_REDIRECT] Oct 22, 2025 3:29:21 PM java.util.prefs.FileSystemPreferences syncWorld
2025-10-22 15:29:21,322 [ERROR] LogOutputStream:75 - [STDERR_REDIRECT] WARNING: Couldn't flush system prefs: java.util.prefs.BackingStoreException: Couldn't get file lock.
2025-10-22 15:29:21,322 [ERROR] LogOutputStream:75 - [STDERR_REDIRECT] 
2025-10-22 15:29:46,498 [INFO] WebApp:194 - Connection lost
2025-10-22 15:29:47,031 [INFO] WebApp:191 - Connection restablished
2025-10-22 15:29:51,309 [ERROR] LogOutputStream:75 - [STDERR_REDIRECT] Oct 22, 2025 3:29:51 PM java.util.prefs.FileSystemPreferences checkLockFile0ErrorCode
2025-10-22 15:29:51,309 [ERROR] LogOutputStream:75 - [STDERR_REDIRECT] WARNING: Could not lock System prefs. Unix error code 2.
2025-10-22 15:29:51,309 [ERROR] LogOutputStream:75 - [STDERR_REDIRECT] 
2025-10-22 15:29:51,309 [ERROR] LogOutputStream:75 - [STDERR_REDIRECT] Oct 22, 2025 3:29:51 PM java.util.prefs.FileSystemPreferences syncWorld
2025-10-22 15:29:51,309 [ERROR] LogOutputStream:75 - [STDERR_REDIRECT] WARNING: Couldn't flush system prefs: java.util.prefs.BackingStoreException: Couldn't get file lock.
2025-10-22 15:29:51,309 [ERROR] LogOutputStream:75 - [STDERR_REDIRECT] 
2025-10-22 15:29:54,960 [INFO] WebApp:194 - Connection lost
2025-10-22 15:29:55,447 [INFO] WebApp:191 - Connection restablished
2025-10-22 15:29:57,164 [INFO] WebApp:194 - Connection lost
2025-10-22 15:29:57,673 [INFO] WebApp:191 - Connection restablished
2025-10-22 15:30:21,313 [ERROR] LogOutputStream:75 - [STDERR_REDIRECT] Oct 22, 2025 3:30:21 PM java.util.prefs.FileSystemPreferences checkLockFile0ErrorCode
2025-10-22 15:30:21,313 [ERROR] LogOutputStream:75 - [STDERR_REDIRECT] WARNING: Could not lock System prefs. Unix error code 2.
2025-10-22 15:30:21,313 [ERROR] LogOutputStream:75 - [STDERR_REDIRECT] 
2025-10-22 15:30:21,314 [ERROR] LogOutputStream:75 - [STDERR_REDIRECT] Oct 22, 2025 3:30:21 PM java.util.prefs.FileSystemPreferences syncWorld
2025-10-22 15:30:21,314 [ERROR] LogOutputStream:75 - [STDERR_REDIRECT] WARNING: Couldn't flush system prefs: java.util.prefs.BackingStoreException: Couldn't get file lock.
2025-10-22 15:30:21,314 [ERROR] LogOutputStream:75 - [STDERR_REDIRECT] 
2025-10-22 15:30:40,553 [INFO] WebApp:194 - Connection lost
2025-10-22 15:30:41,159 [INFO] WebApp:191 - Connection restablished
2025-10-22 15:30:51,311 [ERROR] LogOutputStream:75 - [STDERR_REDIRECT] Oct 22, 2025 3:30:51 PM java.util.prefs.FileSystemPreferences checkLockFile0ErrorCode
2025-10-22 15:30:51,311 [ERROR] LogOutputStream:75 - [STDERR_REDIRECT] WARNING: Could not lock System prefs. Unix error code 2.
2025-10-22 15:30:51,311 [ERROR] LogOutputStream:75 - [STDERR_REDIRECT] 
2025-10-22 15:30:51,311 [ERROR] LogOutputStream:75 - [STDERR_REDIRECT] Oct 22, 2025 3:30:51 PM java.util.prefs.FileSystemPreferences syncWorld
2025-10-22 15:30:51,311 [ERROR] LogOutputStream:75 - [STDERR_REDIRECT] WARNING: Couldn't flush system prefs: java.util.prefs.BackingStoreException: Couldn't get file lock.
2025-10-22 15:30:51,311 [ERROR] LogOutputStream:75 - [STDERR_REDIRECT] 
2025-10-22 15:31:21,311 [ERROR] LogOutputStream:75 - [STDERR_REDIRECT] Oct 22, 2025 3:31:21 PM java.util.prefs.FileSystemPreferences checkLockFile0ErrorCode
2025-10-22 15:31:21,312 [ERROR] LogOutputStream:75 - [STDERR_REDIRECT] WARNING: Could not lock System prefs. Unix error code 2.
2025-10-22 15:31:21,312 [ERROR] LogOutputStream:75 - [STDERR_REDIRECT] 
2025-10-22 15:31:21,313 [ERROR] LogOutputStream:75 - [STDERR_REDIRECT] Oct 22, 2025 3:31:21 PM java.util.prefs.FileSystemPreferences syncWorld
2025-10-22 15:31:21,314 [ERROR] LogOutputStream:75 - [STDERR_REDIRECT] WARNING: Couldn't flush system prefs: java.util.prefs.BackingStoreException: Couldn't get file lock.
2025-10-22 15:31:21,314 [ERROR] LogOutputStream:75 - [STDERR_REDIRECT] 
2025-10-22 15:31:51,314 [ERROR] LogOutputStream:75 - [STDERR_REDIRECT] Oct 22, 2025 3:31:51 PM java.util.prefs.FileSystemPreferences checkLockFile0ErrorCode
2025-10-22 15:31:51,315 [ERROR] LogOutputStream:75 - [STDERR_REDIRECT] WARNING: Could not lock System prefs. Unix error code 2.
2025-10-22 15:31:51,315 [ERROR] LogOutputStream:75 - [STDERR_REDIRECT] 
2025-10-22 15:31:51,315 [ERROR] LogOutputStream:75 - [STDERR_REDIRECT] Oct 22, 2025 3:31:51 PM java.util.prefs.FileSystemPreferences syncWorld
2025-10-22 15:31:51,316 [ERROR] LogOutputStream:75 - [STDERR_REDIRECT] WARNING: Couldn't flush system prefs: java.util.prefs.BackingStoreException: Couldn't get file lock.
2025-10-22 15:31:51,316 [ERROR] LogOutputStream:75 - [STDERR_REDIRECT] 
2025-10-22 15:32:21,316 [ERROR] LogOutputStream:75 - [STDERR_REDIRECT] Oct 22, 2025 3:32:21 PM java.util.prefs.FileSystemPreferences checkLockFile0ErrorCode
2025-10-22 15:32:21,316 [ERROR] LogOutputStream:75 - [STDERR_REDIRECT] WARNING: Could not lock System prefs. Unix error code 2.
2025-10-22 15:32:21,316 [ERROR] LogOutputStream:75 - [STDERR_REDIRECT] 
2025-10-22 15:32:21,316 [ERROR] LogOutputStream:75 - [STDERR_REDIRECT] Oct 22, 2025 3:32:21 PM java.util.prefs.FileSystemPreferences syncWorld
2025-10-22 15:32:21,317 [ERROR] LogOutputStream:75 - [STDERR_REDIRECT] WARNING: Couldn't flush system prefs: java.util.prefs.BackingStoreException: Couldn't get file lock.
2025-10-22 15:32:21,317 [ERROR] LogOutputStream:75 - [STDERR_REDIRECT] 
2025-10-22 15:32:51,316 [ERROR] LogOutputStream:75 - [STDERR_REDIRECT] Oct 22, 2025 3:32:51 PM java.util.prefs.FileSystemPreferences checkLockFile0ErrorCode
2025-10-22 15:32:51,317 [ERROR] LogOutputStream:75 - [STDERR_REDIRECT] WARNING: Could not lock System prefs. Unix error code 2.
2025-10-22 15:32:51,317 [ERROR] LogOutputStream:75 - [STDERR_REDIRECT] 
2025-10-22 15:32:51,317 [ERROR] LogOutputStream:75 - [STDERR_REDIRECT] Oct 22, 2025 3:32:51 PM java.util.prefs.FileSystemPreferences syncWorld
2025-10-22 15:32:51,317 [ERROR] LogOutputStream:75 - [STDERR_REDIRECT] WARNING: Couldn't flush system prefs: java.util.prefs.BackingStoreException: Couldn't get file lock.
2025-10-22 15:32:51,317 [ERROR] LogOutputStream:75 - [STDERR_REDIRECT] 
2025-10-22 15:33:21,325 [ERROR] LogOutputStream:75 - [STDERR_REDIRECT] Oct 22, 2025 3:33:21 PM java.util.prefs.FileSystemPreferences checkLockFile0ErrorCode
2025-10-22 15:33:21,326 [ERROR] LogOutputStream:75 - [STDERR_REDIRECT] WARNING: Could not lock System prefs. Unix error code 2.
2025-10-22 15:33:21,327 [ERROR] LogOutputStream:75 - [STDERR_REDIRECT] 
2025-10-22 15:33:21,327 [ERROR] LogOutputStream:75 - [STDERR_REDIRECT] Oct 22, 2025 3:33:21 PM java.util.prefs.FileSystemPreferences syncWorld
2025-10-22 15:33:21,328 [ERROR] LogOutputStream:75 - [STDERR_REDIRECT] WARNING: Couldn't flush system prefs: java.util.prefs.BackingStoreException: Couldn't get file lock.
2025-10-22 15:33:21,328 [ERROR] LogOutputStream:75 - [STDERR_REDIRECT] 
2025-10-22 15:33:51,343 [ERROR] LogOutputStream:75 - [STDERR_REDIRECT] Oct 22, 2025 3:33:51 PM java.util.prefs.FileSystemPreferences checkLockFile0ErrorCode
2025-10-22 15:33:51,343 [ERROR] LogOutputStream:75 - [STDERR_REDIRECT] WARNING: Could not lock System prefs. Unix error code 2.
2025-10-22 15:33:51,344 [ERROR] LogOutputStream:75 - [STDERR_REDIRECT] 
2025-10-22 15:33:51,345 [ERROR] LogOutputStream:75 - [STDERR_REDIRECT] Oct 22, 2025 3:33:51 PM java.util.prefs.FileSystemPreferences syncWorld
2025-10-22 15:33:51,345 [ERROR] LogOutputStream:75 - [STDERR_REDIRECT] WARNING: Couldn't flush system prefs: java.util.prefs.BackingStoreException: Couldn't get file lock.
2025-10-22 15:33:51,345 [ERROR] LogOutputStream:75 - [STDERR_REDIRECT] 
2025-10-22 15:34:21,328 [ERROR] LogOutputStream:75 - [STDERR_REDIRECT] Oct 22, 2025 3:34:21 PM java.util.prefs.FileSystemPreferences checkLockFile0ErrorCode
2025-10-22 15:34:21,328 [ERROR] LogOutputStream:75 - [STDERR_REDIRECT] WARNING: Could not lock System prefs. Unix error code 2.
2025-10-22 15:34:21,328 [ERROR] LogOutputStream:75 - [STDERR_REDIRECT] 
2025-10-22 15:34:21,328 [ERROR] LogOutputStream:75 - [STDERR_REDIRECT] Oct 22, 2025 3:34:21 PM java.util.prefs.FileSystemPreferences syncWorld
2025-10-22 15:34:21,328 [ERROR] LogOutputStream:75 - [STDERR_REDIRECT] WARNING: Couldn't flush system prefs: java.util.prefs.BackingStoreException: Couldn't get file lock.
2025-10-22 15:34:21,329 [ERROR] LogOutputStream:75 - [STDERR_REDIRECT] 
2025-10-22 15:34:51,336 [ERROR] LogOutputStream:75 - [STDERR_REDIRECT] Oct 22, 2025 3:34:51 PM java.util.prefs.FileSystemPreferences checkLockFile0ErrorCode
2025-10-22 15:34:51,336 [ERROR] LogOutputStream:75 - [STDERR_REDIRECT] WARNING: Could not lock System prefs. Unix error code 2.
2025-10-22 15:34:51,337 [ERROR] LogOutputStream:75 - [STDERR_REDIRECT] 
2025-10-22 15:34:51,337 [ERROR] LogOutputStream:75 - [STDERR_REDIRECT] Oct 22, 2025 3:34:51 PM java.util.prefs.FileSystemPreferences syncWorld
2025-10-22 15:34:51,337 [ERROR] LogOutputStream:75 - [STDERR_REDIRECT] WARNING: Couldn't flush system prefs: java.util.prefs.BackingStoreException: Couldn't get file lock.
2025-10-22 15:34:51,337 [ERROR] LogOutputStream:75 - [STDERR_REDIRECT] 
2025-10-22 15:35:21,341 [ERROR] LogOutputStream:75 - [STDERR_REDIRECT] Oct 22, 2025 3:35:21 PM java.util.prefs.FileSystemPreferences checkLockFile0ErrorCode
2025-10-22 15:35:21,342 [ERROR] LogOutputStream:75 - [STDERR_REDIRECT] WARNING: Could not lock System prefs. Unix error code 2.
2025-10-22 15:35:21,342 [ERROR] LogOutputStream:75 - [STDERR_REDIRECT] 
2025-10-22 15:35:21,344 [ERROR] LogOutputStream:75 - [STDERR_REDIRECT] Oct 22, 2025 3:35:21 PM java.util.prefs.FileSystemPreferences syncWorld
2025-10-22 15:35:21,355 [ERROR] LogOutputStream:75 - [STDERR_REDIRECT] WARNING: Couldn't flush system prefs: java.util.prefs.BackingStoreException: Couldn't get file lock.
2025-10-22 15:35:21,355 [ERROR] LogOutputStream:75 - [STDERR_REDIRECT] 
2025-10-22 15:35:42,429 [INFO] WebApp:194 - Connection lost
2025-10-22 15:35:42,600 [INFO] WebApp:191 - Connection restablished
2025-10-22 15:35:51,348 [ERROR] LogOutputStream:75 - [STDERR_REDIRECT] Oct 22, 2025 3:35:51 PM java.util.prefs.FileSystemPreferences checkLockFile0ErrorCode
2025-10-22 15:35:51,349 [ERROR] LogOutputStream:75 - [STDERR_REDIRECT] WARNING: Could not lock System prefs. Unix error code 2.
2025-10-22 15:35:51,349 [ERROR] LogOutputStream:75 - [STDERR_REDIRECT] 
2025-10-22 15:35:51,350 [ERROR] LogOutputStream:75 - [STDERR_REDIRECT] Oct 22, 2025 3:35:51 PM java.util.prefs.FileSystemPreferences syncWorld
2025-10-22 15:35:51,350 [ERROR] LogOutputStream:75 - [STDERR_REDIRECT] WARNING: Couldn't flush system prefs: java.util.prefs.BackingStoreException: Couldn't get file lock.
2025-10-22 15:35:51,350 [ERROR] LogOutputStream:75 - [STDERR_REDIRECT] 
2025-10-22 15:36:21,348 [ERROR] LogOutputStream:75 - [STDERR_REDIRECT] Oct 22, 2025 3:36:21 PM java.util.prefs.FileSystemPreferences checkLockFile0ErrorCode
2025-10-22 15:36:21,348 [ERROR] LogOutputStream:75 - [STDERR_REDIRECT] WARNING: Could not lock System prefs. Unix error code 2.
2025-10-22 15:36:21,349 [ERROR] LogOutputStream:75 - [STDERR_REDIRECT] 
2025-10-22 15:36:21,349 [ERROR] LogOutputStream:75 - [STDERR_REDIRECT] Oct 22, 2025 3:36:21 PM java.util.prefs.FileSystemPreferences syncWorld
2025-10-22 15:36:21,349 [ERROR] LogOutputStream:75 - [STDERR_REDIRECT] WARNING: Couldn't flush system prefs: java.util.prefs.BackingStoreException: Couldn't get file lock.
2025-10-22 15:36:21,349 [ERROR] LogOutputStream:75 - [STDERR_REDIRECT] 
2025-10-22 15:36:27,808 [INFO] WebApp:194 - Connection lost
2025-10-22 15:36:28,022 [INFO] WebApp:191 - Connection restablished
2025-10-22 15:36:51,349 [ERROR] LogOutputStream:75 - [STDERR_REDIRECT] Oct 22, 2025 3:36:51 PM java.util.prefs.FileSystemPreferences checkLockFile0ErrorCode
2025-10-22 15:36:51,350 [ERROR] LogOutputStream:75 - [STDERR_REDIRECT] WARNING: Could not lock System prefs. Unix error code 2.
2025-10-22 15:36:51,350 [ERROR] LogOutputStream:75 - [STDERR_REDIRECT] 
2025-10-22 15:36:51,350 [ERROR] LogOutputStream:75 - [STDERR_REDIRECT] Oct 22, 2025 3:36:51 PM java.util.prefs.FileSystemPreferences syncWorld
2025-10-22 15:36:51,351 [ERROR] LogOutputStream:75 - [STDERR_REDIRECT] WARNING: Couldn't flush system prefs: java.util.prefs.BackingStoreException: Couldn't get file lock.
2025-10-22 15:36:51,351 [ERROR] LogOutputStream:75 - [STDERR_REDIRECT] 
2025-10-22 15:37:13,250 [INFO] WebApp:194 - Connection lost
2025-10-22 15:37:13,520 [INFO] WebApp:191 - Connection restablished
2025-10-22 15:37:21,346 [ERROR] LogOutputStream:75 - [STDERR_REDIRECT] Oct 22, 2025 3:37:21 PM java.util.prefs.FileSystemPreferences checkLockFile0ErrorCode
2025-10-22 15:37:21,346 [ERROR] LogOutputStream:75 - [STDERR_REDIRECT] WARNING: Could not lock System prefs. Unix error code 2.
2025-10-22 15:37:21,346 [ERROR] LogOutputStream:75 - [STDERR_REDIRECT] 
2025-10-22 15:37:21,378 [ERROR] LogOutputStream:75 - [STDERR_REDIRECT] Oct 22, 2025 3:37:21 PM java.util.prefs.FileSystemPreferences syncWorld
2025-10-22 15:37:21,378 [ERROR] LogOutputStream:75 - [STDERR_REDIRECT] WARNING: Couldn't flush system prefs: java.util.prefs.BackingStoreException: Couldn't get file lock.
2025-10-22 15:37:21,378 [ERROR] LogOutputStream:75 - [STDERR_REDIRECT] 
2025-10-22 15:37:51,344 [ERROR] LogOutputStream:75 - [STDERR_REDIRECT] Oct 22, 2025 3:37:51 PM java.util.prefs.FileSystemPreferences checkLockFile0ErrorCode
2025-10-22 15:37:51,345 [ERROR] LogOutputStream:75 - [STDERR_REDIRECT] WARNING: Could not lock System prefs. Unix error code 2.
2025-10-22 15:37:51,345 [ERROR] LogOutputStream:75 - [STDERR_REDIRECT] 
2025-10-22 15:37:51,347 [ERROR] LogOutputStream:75 - [STDERR_REDIRECT] Oct 22, 2025 3:37:51 PM java.util.prefs.FileSystemPreferences syncWorld
2025-10-22 15:37:51,347 [ERROR] LogOutputStream:75 - [STDERR_REDIRECT] WARNING: Couldn't flush system prefs: java.util.prefs.BackingStoreException: Couldn't get file lock.
2025-10-22 15:37:51,347 [ERROR] LogOutputStream:75 - [STDERR_REDIRECT] 
2025-10-22 15:38:00,070 [INFO] WebApp:194 - Connection lost
2025-10-22 15:38:00,398 [INFO] WebApp:191 - Connection restablished
2025-10-22 15:38:21,354 [ERROR] LogOutputStream:75 - [STDERR_REDIRECT] Oct 22, 2025 3:38:21 PM java.util.prefs.FileSystemPreferences checkLockFile0ErrorCode
2025-10-22 15:38:21,354 [ERROR] LogOutputStream:75 - [STDERR_REDIRECT] WARNING: Could not lock System prefs. Unix error code 2.
2025-10-22 15:38:21,354 [ERROR] LogOutputStream:75 - [STDERR_REDIRECT] 
2025-10-22 15:38:21,354 [ERROR] LogOutputStream:75 - [STDERR_REDIRECT] Oct 22, 2025 3:38:21 PM java.util.prefs.FileSystemPreferences syncWorld
2025-10-22 15:38:21,354 [ERROR] LogOutputStream:75 - [STDERR_REDIRECT] WARNING: Couldn't flush system prefs: java.util.prefs.BackingStoreException: Couldn't get file lock.
2025-10-22 15:38:21,354 [ERROR] LogOutputStream:75 - [STDERR_REDIRECT] 
2025-10-22 15:38:43,747 [INFO] WebApp:194 - Connection lost
2025-10-22 15:38:44,099 [INFO] WebApp:191 - Connection restablished
2025-10-22 15:38:51,358 [ERROR] LogOutputStream:75 - [STDERR_REDIRECT] Oct 22, 2025 3:38:51 PM java.util.prefs.FileSystemPreferences checkLockFile0ErrorCode
2025-10-22 15:38:51,358 [ERROR] LogOutputStream:75 - [STDERR_REDIRECT] WARNING: Could not lock System prefs. Unix error code 2.
2025-10-22 15:38:51,358 [ERROR] LogOutputStream:75 - [STDERR_REDIRECT] 
2025-10-22 15:38:51,358 [ERROR] LogOutputStream:75 - [STDERR_REDIRECT] Oct 22, 2025 3:38:51 PM java.util.prefs.FileSystemPreferences syncWorld
2025-10-22 15:38:51,358 [ERROR] LogOutputStream:75 - [STDERR_REDIRECT] WARNING: Couldn't flush system prefs: java.util.prefs.BackingStoreException: Couldn't get file lock.
2025-10-22 15:38:51,358 [ERROR] LogOutputStream:75 - [STDERR_REDIRECT] 
2025-10-22 15:39:21,357 [ERROR] LogOutputStream:75 - [STDERR_REDIRECT] Oct 22, 2025 3:39:21 PM java.util.prefs.FileSystemPreferences checkLockFile0ErrorCode
2025-10-22 15:39:21,357 [ERROR] LogOutputStream:75 - [STDERR_REDIRECT] WARNING: Could not lock System prefs. Unix error code 2.
2025-10-22 15:39:21,357 [ERROR] LogOutputStream:75 - [STDERR_REDIRECT] 
2025-10-22 15:39:21,375 [ERROR] LogOutputStream:75 - [STDERR_REDIRECT] Oct 22, 2025 3:39:21 PM java.util.prefs.FileSystemPreferences syncWorld
2025-10-22 15:39:21,376 [ERROR] LogOutputStream:75 - [STDERR_REDIRECT] WARNING: Couldn't flush system prefs: java.util.prefs.BackingStoreException: Couldn't get file lock.
2025-10-22 15:39:21,376 [ERROR] LogOutputStream:75 - [STDERR_REDIRECT] 
2025-10-22 15:39:51,359 [ERROR] LogOutputStream:75 - [STDERR_REDIRECT] Oct 22, 2025 3:39:51 PM java.util.prefs.FileSystemPreferences checkLockFile0ErrorCode
2025-10-22 15:39:51,359 [ERROR] LogOutputStream:75 - [STDERR_REDIRECT] WARNING: Could not lock System prefs. Unix error code 2.
2025-10-22 15:39:51,359 [ERROR] LogOutputStream:75 - [STDERR_REDIRECT] 
2025-10-22 15:39:51,360 [ERROR] LogOutputStream:75 - [STDERR_REDIRECT] Oct 22, 2025 3:39:51 PM java.util.prefs.FileSystemPreferences syncWorld
2025-10-22 15:39:51,360 [ERROR] LogOutputStream:75 - [STDERR_REDIRECT] WARNING: Couldn't flush system prefs: java.util.prefs.BackingStoreException: Couldn't get file lock.
2025-10-22 15:39:51,360 [ERROR] LogOutputStream:75 - [STDERR_REDIRECT] 
2025-10-22 15:40:21,364 [ERROR] LogOutputStream:75 - [STDERR_REDIRECT] Oct 22, 2025 3:40:21 PM java.util.prefs.FileSystemPreferences checkLockFile0ErrorCode
2025-10-22 15:40:21,364 [ERROR] LogOutputStream:75 - [STDERR_REDIRECT] WARNING: Could not lock System prefs. Unix error code 2.
2025-10-22 15:40:21,364 [ERROR] LogOutputStream:75 - [STDERR_REDIRECT] 
2025-10-22 15:40:21,365 [ERROR] LogOutputStream:75 - [STDERR_REDIRECT] Oct 22, 2025 3:40:21 PM java.util.prefs.FileSystemPreferences syncWorld
2025-10-22 15:40:21,366 [ERROR] LogOutputStream:75 - [STDERR_REDIRECT] WARNING: Couldn't flush system prefs: java.util.prefs.BackingStoreException: Couldn't get file lock.
2025-10-22 15:40:21,366 [ERROR] LogOutputStream:75 - [STDERR_REDIRECT] 
2025-10-22 15:40:52,079 [ERROR] LogOutputStream:75 - [STDERR_REDIRECT] Oct 22, 2025 3:40:51 PM java.util.prefs.FileSystemPreferences checkLockFile0ErrorCode
2025-10-22 15:40:52,083 [ERROR] LogOutputStream:75 - [STDERR_REDIRECT] WARNING: Could not lock System prefs. Unix error code 2.
2025-10-22 15:40:52,084 [ERROR] LogOutputStream:75 - [STDERR_REDIRECT] 
2025-10-22 15:40:52,085 [ERROR] LogOutputStream:75 - [STDERR_REDIRECT] Oct 22, 2025 3:40:52 PM java.util.prefs.FileSystemPreferences syncWorld
2025-10-22 15:40:52,086 [ERROR] LogOutputStream:75 - [STDERR_REDIRECT] WARNING: Couldn't flush system prefs: java.util.prefs.BackingStoreException: Couldn't get file lock.
2025-10-22 15:40:52,087 [ERROR] LogOutputStream:75 - [STDERR_REDIRECT] 
2025-10-22 15:41:21,418 [ERROR] LogOutputStream:75 - [STDERR_REDIRECT] Oct 22, 2025 3:41:21 PM java.util.prefs.FileSystemPreferences checkLockFile0ErrorCode
2025-10-22 15:41:21,418 [ERROR] LogOutputStream:75 - [STDERR_REDIRECT] WARNING: Could not lock System prefs. Unix error code 2.
2025-10-22 15:41:21,418 [ERROR] LogOutputStream:75 - [STDERR_REDIRECT] 
2025-10-22 15:41:21,567 [ERROR] LogOutputStream:75 - [STDERR_REDIRECT] Oct 22, 2025 3:41:21 PM java.util.prefs.FileSystemPreferences syncWorld
2025-10-22 15:41:21,636 [ERROR] LogOutputStream:75 - [STDERR_REDIRECT] WARNING: Couldn't flush system prefs: java.util.prefs.BackingStoreException: Couldn't get file lock.
2025-10-22 15:41:21,643 [ERROR] LogOutputStream:75 - [STDERR_REDIRECT] 
2025-10-22 15:41:51,545 [ERROR] LogOutputStream:75 - [STDERR_REDIRECT] Oct 22, 2025 3:41:51 PM java.util.prefs.FileSystemPreferences checkLockFile0ErrorCode
2025-10-22 15:41:51,546 [ERROR] LogOutputStream:75 - [STDERR_REDIRECT] WARNING: Could not lock System prefs. Unix error code 2.
2025-10-22 15:41:51,687 [ERROR] LogOutputStream:75 - [STDERR_REDIRECT] 
2025-10-22 15:41:51,739 [ERROR] LogOutputStream:75 - [STDERR_REDIRECT] Oct 22, 2025 3:41:51 PM java.util.prefs.FileSystemPreferences syncWorld
2025-10-22 15:41:51,768 [ERROR] LogOutputStream:75 - [STDERR_REDIRECT] WARNING: Couldn't flush system prefs: java.util.prefs.BackingStoreException: Couldn't get file lock.
2025-10-22 15:41:51,768 [ERROR] LogOutputStream:75 - [STDERR_REDIRECT] 
2025-10-22 15:42:21,545 [ERROR] LogOutputStream:75 - [STDERR_REDIRECT] Oct 22, 2025 3:42:21 PM java.util.prefs.FileSystemPreferences checkLockFile0ErrorCode
2025-10-22 15:42:21,570 [ERROR] LogOutputStream:75 - [STDERR_REDIRECT] WARNING: Could not lock System prefs. Unix error code 2.
2025-10-22 15:42:21,570 [ERROR] LogOutputStream:75 - [STDERR_REDIRECT] 
2025-10-22 15:42:21,609 [ERROR] LogOutputStream:75 - [STDERR_REDIRECT] Oct 22, 2025 3:42:21 PM java.util.prefs.FileSystemPreferences syncWorld
2025-10-22 15:42:21,610 [ERROR] LogOutputStream:75 - [STDERR_REDIRECT] WARNING: Couldn't flush system prefs: java.util.prefs.BackingStoreException: Couldn't get file lock.
2025-10-22 15:42:21,610 [ERROR] LogOutputStream:75 - [STDERR_REDIRECT] 
2025-10-22 15:42:51,423 [ERROR] LogOutputStream:75 - [STDERR_REDIRECT] Oct 22, 2025 3:42:51 PM java.util.prefs.FileSystemPreferences checkLockFile0ErrorCode
2025-10-22 15:42:51,424 [ERROR] LogOutputStream:75 - [STDERR_REDIRECT] WARNING: Could not lock System prefs. Unix error code 2.
2025-10-22 15:42:51,424 [ERROR] LogOutputStream:75 - [STDERR_REDIRECT] 
2025-10-22 15:42:51,426 [ERROR] LogOutputStream:75 - [STDERR_REDIRECT] Oct 22, 2025 3:42:51 PM java.util.prefs.FileSystemPreferences syncWorld
2025-10-22 15:42:51,426 [ERROR] LogOutputStream:75 - [STDERR_REDIRECT] WARNING: Couldn't flush system prefs: java.util.prefs.BackingStoreException: Couldn't get file lock.
2025-10-22 15:42:51,426 [ERROR] LogOutputStream:75 - [STDERR_REDIRECT] 
2025-10-22 15:43:21,576 [ERROR] LogOutputStream:75 - [STDERR_REDIRECT] Oct 22, 2025 3:43:21 PM java.util.prefs.FileSystemPreferences checkLockFile0ErrorCode
2025-10-22 15:43:21,615 [ERROR] LogOutputStream:75 - [STDERR_REDIRECT] WARNING: Could not lock System prefs. Unix error code 2.
2025-10-22 15:43:21,632 [ERROR] LogOutputStream:75 - [STDERR_REDIRECT] 
2025-10-22 15:43:21,635 [ERROR] LogOutputStream:75 - [STDERR_REDIRECT] Oct 22, 2025 3:43:21 PM java.util.prefs.FileSystemPreferences syncWorld
2025-10-22 15:43:21,635 [ERROR] LogOutputStream:75 - [STDERR_REDIRECT] WARNING: Couldn't flush system prefs: java.util.prefs.BackingStoreException: Couldn't get file lock.
2025-10-22 15:43:21,651 [ERROR] LogOutputStream:75 - [STDERR_REDIRECT] 
2025-10-22 15:43:52,073 [ERROR] LogOutputStream:75 - [STDERR_REDIRECT] Oct 22, 2025 3:43:52 PM java.util.prefs.FileSystemPreferences checkLockFile0ErrorCode
2025-10-22 15:43:52,074 [ERROR] LogOutputStream:75 - [STDERR_REDIRECT] WARNING: Could not lock System prefs. Unix error code 2.
2025-10-22 15:43:52,075 [ERROR] LogOutputStream:75 - [STDERR_REDIRECT] 
2025-10-22 15:43:52,077 [ERROR] LogOutputStream:75 - [STDERR_REDIRECT] Oct 22, 2025 3:43:52 PM java.util.prefs.FileSystemPreferences syncWorld
2025-10-22 15:43:52,077 [ERROR] LogOutputStream:75 - [STDERR_REDIRECT] WARNING: Couldn't flush system prefs: java.util.prefs.BackingStoreException: Couldn't get file lock.
2025-10-22 15:43:52,077 [ERROR] LogOutputStream:75 - [STDERR_REDIRECT] 
2025-10-22 15:44:10,499 [INFO] WebApp:194 - Connection lost
2025-10-22 15:44:16,163 [INFO] WebApp:191 - Connection restablished
2025-10-22 15:44:21,792 [INFO] WebApp:194 - Connection lost
2025-10-22 15:44:21,902 [ERROR] LogOutputStream:75 - [STDERR_REDIRECT] Oct 22, 2025 3:44:21 PM java.util.prefs.FileSystemPreferences checkLockFile0ErrorCode
2025-10-22 15:44:21,903 [ERROR] LogOutputStream:75 - [STDERR_REDIRECT] WARNING: Could not lock System prefs. Unix error code 2.
2025-10-22 15:44:21,903 [ERROR] LogOutputStream:75 - [STDERR_REDIRECT] 
2025-10-22 15:44:21,906 [ERROR] LogOutputStream:75 - [STDERR_REDIRECT] Oct 22, 2025 3:44:21 PM java.util.prefs.FileSystemPreferences syncWorld
2025-10-22 15:44:21,906 [ERROR] LogOutputStream:75 - [STDERR_REDIRECT] WARNING: Couldn't flush system prefs: java.util.prefs.BackingStoreException: Couldn't get file lock.
2025-10-22 15:44:21,907 [ERROR] LogOutputStream:75 - [STDERR_REDIRECT] 
2025-10-22 15:44:26,074 [INFO] WebApp:191 - Connection restablished
2025-10-22 15:44:52,032 [ERROR] LogOutputStream:75 - [STDERR_REDIRECT] Oct 22, 2025 3:44:52 PM java.util.prefs.FileSystemPreferences checkLockFile0ErrorCode
2025-10-22 15:44:52,054 [ERROR] LogOutputStream:75 - [STDERR_REDIRECT] WARNING: Could not lock System prefs. Unix error code 2.
2025-10-22 15:44:52,054 [ERROR] LogOutputStream:75 - [STDERR_REDIRECT] 
2025-10-22 15:44:52,254 [ERROR] LogOutputStream:75 - [STDERR_REDIRECT] Oct 22, 2025 3:44:52 PM java.util.prefs.FileSystemPreferences syncWorld
2025-10-22 15:44:52,271 [ERROR] LogOutputStream:75 - [STDERR_REDIRECT] WARNING: Couldn't flush system prefs: java.util.prefs.BackingStoreException: Couldn't get file lock.
2025-10-22 15:44:52,335 [ERROR] LogOutputStream:75 - [STDERR_REDIRECT] 
2025-10-22 15:45:16,738 [INFO] WebApp:194 - Connection lost
2025-10-22 15:45:22,257 [ERROR] LogOutputStream:75 - [STDERR_REDIRECT] Oct 22, 2025 3:45:22 PM java.util.prefs.FileSystemPreferences checkLockFile0ErrorCode
2025-10-22 15:45:22,258 [ERROR] LogOutputStream:75 - [STDERR_REDIRECT] WARNING: Could not lock System prefs. Unix error code 2.
2025-10-22 15:45:22,259 [ERROR] LogOutputStream:75 - [STDERR_REDIRECT] 
2025-10-22 15:45:22,294 [ERROR] LogOutputStream:75 - [STDERR_REDIRECT] Oct 22, 2025 3:45:22 PM java.util.prefs.FileSystemPreferences syncWorld
2025-10-22 15:45:22,294 [ERROR] LogOutputStream:75 - [STDERR_REDIRECT] WARNING: Couldn't flush system prefs: java.util.prefs.BackingStoreException: Couldn't get file lock.
2025-10-22 15:45:22,295 [ERROR] LogOutputStream:75 - [STDERR_REDIRECT] 
2025-10-22 15:45:24,330 [INFO] WebApp:191 - Connection restablished
2025-10-22 15:45:41,507 [INFO] WebApp:194 - Connection lost
2025-10-22 15:45:52,743 [ERROR] LogOutputStream:75 - [STDERR_REDIRECT] Oct 22, 2025 3:45:52 PM java.util.prefs.FileSystemPreferences checkLockFile0ErrorCode
2025-10-22 15:45:52,743 [ERROR] LogOutputStream:75 - [STDERR_REDIRECT] WARNING: Could not lock System prefs. Unix error code 2.
2025-10-22 15:45:52,744 [ERROR] LogOutputStream:75 - [STDERR_REDIRECT] 
2025-10-22 15:45:52,745 [ERROR] LogOutputStream:75 - [STDERR_REDIRECT] Oct 22, 2025 3:45:52 PM java.util.prefs.FileSystemPreferences syncWorld
2025-10-22 15:45:52,821 [ERROR] LogOutputStream:75 - [STDERR_REDIRECT] WARNING: Couldn't flush system prefs: java.util.prefs.BackingStoreException: Couldn't get file lock.
2025-10-22 15:45:52,821 [ERROR] LogOutputStream:75 - [STDERR_REDIRECT] 
2025-10-22 15:46:00,295 [INFO] WebApp:191 - Connection restablished
2025-10-22 15:46:22,119 [INFO] WebApp:194 - Connection lost
2025-10-22 15:46:22,950 [ERROR] LogOutputStream:75 - [STDERR_REDIRECT] Oct 22, 2025 3:46:22 PM java.util.prefs.FileSystemPreferences checkLockFile0ErrorCode
2025-10-22 15:46:22,951 [ERROR] LogOutputStream:75 - [STDERR_REDIRECT] WARNING: Could not lock System prefs. Unix error code 2.
2025-10-22 15:46:22,951 [ERROR] LogOutputStream:75 - [STDERR_REDIRECT] 
2025-10-22 15:46:22,954 [ERROR] LogOutputStream:75 - [STDERR_REDIRECT] Oct 22, 2025 3:46:22 PM java.util.prefs.FileSystemPreferences syncWorld
2025-10-22 15:46:22,954 [ERROR] LogOutputStream:75 - [STDERR_REDIRECT] WARNING: Couldn't flush system prefs: java.util.prefs.BackingStoreException: Couldn't get file lock.
2025-10-22 15:46:22,955 [ERROR] LogOutputStream:75 - [STDERR_REDIRECT] 
2025-10-22 15:46:30,279 [INFO] WebApp:191 - Connection restablished
2025-10-22 15:46:52,909 [ERROR] LogOutputStream:75 - [STDERR_REDIRECT] Oct 22, 2025 3:46:52 PM java.util.prefs.FileSystemPreferences checkLockFile0ErrorCode
2025-10-22 15:46:52,911 [ERROR] LogOutputStream:75 - [STDERR_REDIRECT] WARNING: Could not lock System prefs. Unix error code 2.
2025-10-22 15:46:52,911 [ERROR] LogOutputStream:75 - [STDERR_REDIRECT] 
2025-10-22 15:46:52,913 [ERROR] LogOutputStream:75 - [STDERR_REDIRECT] Oct 22, 2025 3:46:52 PM java.util.prefs.FileSystemPreferences syncWorld
2025-10-22 15:46:53,994 [ERROR] LogOutputStream:75 - [STDERR_REDIRECT] WARNING: Couldn't flush system prefs: java.util.prefs.BackingStoreException: Couldn't get file lock.
2025-10-22 15:46:53,995 [ERROR] LogOutputStream:75 - [STDERR_REDIRECT] 
2025-10-22 15:47:00,896 [INFO] WebApp:194 - Connection lost
2025-10-22 15:47:15,179 [INFO] WebApp:191 - Connection restablished
2025-10-22 15:47:18,062 [INFO] WebApp:194 - Connection lost
2025-10-22 15:47:23,589 [ERROR] LogOutputStream:75 - [STDERR_REDIRECT] Oct 22, 2025 3:47:23 PM java.util.prefs.FileSystemPreferences checkLockFile0ErrorCode
2025-10-22 15:47:23,677 [ERROR] LogOutputStream:75 - [STDERR_REDIRECT] WARNING: Could not lock System prefs. Unix error code 2.
2025-10-22 15:47:23,677 [ERROR] LogOutputStream:75 - [STDERR_REDIRECT] 
2025-10-22 15:47:23,678 [ERROR] LogOutputStream:75 - [STDERR_REDIRECT] Oct 22, 2025 3:47:23 PM java.util.prefs.FileSystemPreferences syncWorld
2025-10-22 15:47:23,679 [ERROR] LogOutputStream:75 - [STDERR_REDIRECT] WARNING: Couldn't flush system prefs: java.util.prefs.BackingStoreException: Couldn't get file lock.
2025-10-22 15:47:23,679 [ERROR] LogOutputStream:75 - [STDERR_REDIRECT] 
2025-10-22 15:47:24,002 [INFO] WebApp:191 - Connection restablished
2025-10-22 15:47:52,765 [ERROR] LogOutputStream:75 - [STDERR_REDIRECT] Oct 22, 2025 3:47:52 PM java.util.prefs.FileSystemPreferences checkLockFile0ErrorCode
2025-10-22 15:47:52,904 [ERROR] LogOutputStream:75 - [STDERR_REDIRECT] WARNING: Could not lock System prefs. Unix error code 2.
2025-10-22 15:47:52,905 [ERROR] LogOutputStream:75 - [STDERR_REDIRECT] 
2025-10-22 15:47:52,972 [ERROR] LogOutputStream:75 - [STDERR_REDIRECT] Oct 22, 2025 3:47:52 PM java.util.prefs.FileSystemPreferences syncWorld
2025-10-22 15:47:52,974 [ERROR] LogOutputStream:75 - [STDERR_REDIRECT] WARNING: Couldn't flush system prefs: java.util.prefs.BackingStoreException: Couldn't get file lock.
2025-10-22 15:47:53,010 [ERROR] LogOutputStream:75 - [STDERR_REDIRECT] 
2025-10-22 15:48:00,612 [INFO] WebApp:194 - Connection lost
2025-10-22 15:48:12,281 [INFO] WebApp:191 - Connection restablished
2025-10-22 15:48:14,163 [INFO] WebApp:194 - Connection lost
2025-10-22 15:48:20,045 [INFO] WebApp:191 - Connection restablished
2025-10-22 15:48:22,859 [INFO] WebApp:194 - Connection lost
2025-10-22 15:48:22,888 [ERROR] LogOutputStream:75 - [STDERR_REDIRECT] Oct 22, 2025 3:48:22 PM java.util.prefs.FileSystemPreferences checkLockFile0ErrorCode
2025-10-22 15:48:23,025 [ERROR] LogOutputStream:75 - [STDERR_REDIRECT] WARNING: Could not lock System prefs. Unix error code 2.
2025-10-22 15:48:23,026 [ERROR] LogOutputStream:75 - [STDERR_REDIRECT] 
2025-10-22 15:48:23,091 [ERROR] LogOutputStream:75 - [STDERR_REDIRECT] Oct 22, 2025 3:48:23 PM java.util.prefs.FileSystemPreferences syncWorld
2025-10-22 15:48:23,314 [ERROR] LogOutputStream:75 - [STDERR_REDIRECT] WARNING: Couldn't flush system prefs: java.util.prefs.BackingStoreException: Couldn't get file lock.
2025-10-22 15:48:23,319 [ERROR] LogOutputStream:75 - [STDERR_REDIRECT] 
2025-10-22 15:48:26,244 [INFO] WebApp:191 - Connection restablished
2025-10-22 15:48:52,859 [ERROR] LogOutputStream:75 - [STDERR_REDIRECT] Oct 22, 2025 3:48:52 PM java.util.prefs.FileSystemPreferences checkLockFile0ErrorCode
2025-10-22 15:48:52,860 [ERROR] LogOutputStream:75 - [STDERR_REDIRECT] WARNING: Could not lock System prefs. Unix error code 2.
2025-10-22 15:48:52,861 [ERROR] LogOutputStream:75 - [STDERR_REDIRECT] 
2025-10-22 15:48:52,972 [ERROR] LogOutputStream:75 - [STDERR_REDIRECT] Oct 22, 2025 3:48:52 PM java.util.prefs.FileSystemPreferences syncWorld
2025-10-22 15:48:53,004 [ERROR] LogOutputStream:75 - [STDERR_REDIRECT] WARNING: Couldn't flush system prefs: java.util.prefs.BackingStoreException: Couldn't get file lock.
2025-10-22 15:48:53,004 [ERROR] LogOutputStream:75 - [STDERR_REDIRECT] 
2025-10-22 15:49:23,064 [ERROR] LogOutputStream:75 - [STDERR_REDIRECT] Oct 22, 2025 3:49:22 PM java.util.prefs.FileSystemPreferences checkLockFile0ErrorCode
2025-10-22 15:49:23,084 [ERROR] LogOutputStream:75 - [STDERR_REDIRECT] WARNING: Could not lock System prefs. Unix error code 2.
2025-10-22 15:49:23,086 [ERROR] LogOutputStream:75 - [STDERR_REDIRECT] 
2025-10-22 15:49:23,125 [ERROR] LogOutputStream:75 - [STDERR_REDIRECT] Oct 22, 2025 3:49:23 PM java.util.prefs.FileSystemPreferences syncWorld
2025-10-22 15:49:23,126 [ERROR] LogOutputStream:75 - [STDERR_REDIRECT] WARNING: Couldn't flush system prefs: java.util.prefs.BackingStoreException: Couldn't get file lock.
2025-10-22 15:49:23,126 [ERROR] LogOutputStream:75 - [STDERR_REDIRECT] 
2025-10-22 15:49:52,840 [ERROR] LogOutputStream:75 - [STDERR_REDIRECT] Oct 22, 2025 3:49:52 PM java.util.prefs.FileSystemPreferences checkLockFile0ErrorCode
2025-10-22 15:49:52,841 [ERROR] LogOutputStream:75 - [STDERR_REDIRECT] WARNING: Could not lock System prefs. Unix error code 2.
2025-10-22 15:49:52,841 [ERROR] LogOutputStream:75 - [STDERR_REDIRECT] 
2025-10-22 15:49:52,842 [ERROR] LogOutputStream:75 - [STDERR_REDIRECT] Oct 22, 2025 3:49:52 PM java.util.prefs.FileSystemPreferences syncWorld
2025-10-22 15:49:52,843 [ERROR] LogOutputStream:75 - [STDERR_REDIRECT] WARNING: Couldn't flush system prefs: java.util.prefs.BackingStoreException: Couldn't get file lock.
2025-10-22 15:49:52,843 [ERROR] LogOutputStream:75 - [STDERR_REDIRECT] 
2025-10-22 15:50:23,242 [ERROR] LogOutputStream:75 - [STDERR_REDIRECT] Oct 22, 2025 3:50:23 PM java.util.prefs.FileSystemPreferences checkLockFile0ErrorCode
2025-10-22 15:50:23,243 [ERROR] LogOutputStream:75 - [STDERR_REDIRECT] WARNING: Could not lock System prefs. Unix error code 2.
2025-10-22 15:50:23,245 [ERROR] LogOutputStream:75 - [STDERR_REDIRECT] 
2025-10-22 15:50:23,246 [ERROR] LogOutputStream:75 - [STDERR_REDIRECT] Oct 22, 2025 3:50:23 PM java.util.prefs.FileSystemPreferences syncWorld
2025-10-22 15:50:23,345 [ERROR] LogOutputStream:75 - [STDERR_REDIRECT] WARNING: Couldn't flush system prefs: java.util.prefs.BackingStoreException: Couldn't get file lock.
2025-10-22 15:50:23,346 [ERROR] LogOutputStream:75 - [STDERR_REDIRECT] 
2025-10-22 15:50:52,909 [ERROR] LogOutputStream:75 - [STDERR_REDIRECT] Oct 22, 2025 3:50:52 PM java.util.prefs.FileSystemPreferences checkLockFile0ErrorCode
2025-10-22 15:50:52,910 [ERROR] LogOutputStream:75 - [STDERR_REDIRECT] WARNING: Could not lock System prefs. Unix error code 2.
2025-10-22 15:50:52,911 [ERROR] LogOutputStream:75 - [STDERR_REDIRECT] 
2025-10-22 15:50:52,913 [ERROR] LogOutputStream:75 - [STDERR_REDIRECT] Oct 22, 2025 3:50:52 PM java.util.prefs.FileSystemPreferences syncWorld
2025-10-22 15:50:52,914 [ERROR] LogOutputStream:75 - [STDERR_REDIRECT] WARNING: Couldn't flush system prefs: java.util.prefs.BackingStoreException: Couldn't get file lock.
2025-10-22 15:50:52,914 [ERROR] LogOutputStream:75 - [STDERR_REDIRECT] 
2025-10-22 15:51:23,143 [ERROR] LogOutputStream:75 - [STDERR_REDIRECT] Oct 22, 2025 3:51:22 PM java.util.prefs.FileSystemPreferences checkLockFile0ErrorCode
2025-10-22 15:51:23,172 [ERROR] LogOutputStream:75 - [STDERR_REDIRECT] WARNING: Could not lock System prefs. Unix error code 2.
2025-10-22 15:51:23,172 [ERROR] LogOutputStream:75 - [STDERR_REDIRECT] 
2025-10-22 15:51:23,175 [ERROR] LogOutputStream:75 - [STDERR_REDIRECT] Oct 22, 2025 3:51:23 PM java.util.prefs.FileSystemPreferences syncWorld
2025-10-22 15:51:23,175 [ERROR] LogOutputStream:75 - [STDERR_REDIRECT] WARNING: Couldn't flush system prefs: java.util.prefs.BackingStoreException: Couldn't get file lock.
2025-10-22 15:51:23,176 [ERROR] LogOutputStream:75 - [STDERR_REDIRECT] 
2025-10-22 15:51:52,890 [ERROR] LogOutputStream:75 - [STDERR_REDIRECT] Oct 22, 2025 3:51:52 PM java.util.prefs.FileSystemPreferences checkLockFile0ErrorCode
2025-10-22 15:51:52,927 [ERROR] LogOutputStream:75 - [STDERR_REDIRECT] WARNING: Could not lock System prefs. Unix error code 2.
2025-10-22 15:51:52,928 [ERROR] LogOutputStream:75 - [STDERR_REDIRECT] 
2025-10-22 15:51:52,957 [ERROR] LogOutputStream:75 - [STDERR_REDIRECT] Oct 22, 2025 3:51:52 PM java.util.prefs.FileSystemPreferences syncWorld
2025-10-22 15:51:52,957 [ERROR] LogOutputStream:75 - [STDERR_REDIRECT] WARNING: Couldn't flush system prefs: java.util.prefs.BackingStoreException: Couldn't get file lock.
2025-10-22 15:51:52,958 [ERROR] LogOutputStream:75 - [STDERR_REDIRECT] 
2025-10-22 15:52:23,016 [ERROR] LogOutputStream:75 - [STDERR_REDIRECT] Oct 22, 2025 3:52:22 PM java.util.prefs.FileSystemPreferences checkLockFile0ErrorCode
2025-10-22 15:52:23,075 [ERROR] LogOutputStream:75 - [STDERR_REDIRECT] WARNING: Could not lock System prefs. Unix error code 2.
2025-10-22 15:52:23,076 [ERROR] LogOutputStream:75 - [STDERR_REDIRECT] 
2025-10-22 15:52:23,133 [ERROR] LogOutputStream:75 - [STDERR_REDIRECT] Oct 22, 2025 3:52:23 PM java.util.prefs.FileSystemPreferences syncWorld
2025-10-22 15:52:23,134 [ERROR] LogOutputStream:75 - [STDERR_REDIRECT] WARNING: Couldn't flush system prefs: java.util.prefs.BackingStoreException: Couldn't get file lock.
2025-10-22 15:52:23,153 [ERROR] LogOutputStream:75 - [STDERR_REDIRECT] 
2025-10-22 15:52:52,997 [ERROR] LogOutputStream:75 - [STDERR_REDIRECT] Oct 22, 2025 3:52:52 PM java.util.prefs.FileSystemPreferences checkLockFile0ErrorCode
2025-10-22 15:52:52,998 [ERROR] LogOutputStream:75 - [STDERR_REDIRECT] WARNING: Could not lock System prefs. Unix error code 2.
2025-10-22 15:52:52,998 [ERROR] LogOutputStream:75 - [STDERR_REDIRECT] 
2025-10-22 15:52:53,107 [ERROR] LogOutputStream:75 - [STDERR_REDIRECT] Oct 22, 2025 3:52:52 PM java.util.prefs.FileSystemPreferences syncWorld
2025-10-22 15:52:53,108 [ERROR] LogOutputStream:75 - [STDERR_REDIRECT] WARNING: Couldn't flush system prefs: java.util.prefs.BackingStoreException: Couldn't get file lock.
2025-10-22 15:52:53,108 [ERROR] LogOutputStream:75 - [STDERR_REDIRECT] 
2025-10-22 15:53:23,074 [ERROR] LogOutputStream:75 - [STDERR_REDIRECT] Oct 22, 2025 3:53:23 PM java.util.prefs.FileSystemPreferences checkLockFile0ErrorCode
2025-10-22 15:53:23,194 [ERROR] LogOutputStream:75 - [STDERR_REDIRECT] WARNING: Could not lock System prefs. Unix error code 2.
2025-10-22 15:53:23,195 [ERROR] LogOutputStream:75 - [STDERR_REDIRECT] 
2025-10-22 15:53:23,196 [ERROR] LogOutputStream:75 - [STDERR_REDIRECT] Oct 22, 2025 3:53:23 PM java.util.prefs.FileSystemPreferences syncWorld
2025-10-22 15:53:23,196 [ERROR] LogOutputStream:75 - [STDERR_REDIRECT] WARNING: Couldn't flush system prefs: java.util.prefs.BackingStoreException: Couldn't get file lock.
2025-10-22 15:53:23,197 [ERROR] LogOutputStream:75 - [STDERR_REDIRECT] 
2025-10-22 15:53:53,193 [ERROR] LogOutputStream:75 - [STDERR_REDIRECT] Oct 22, 2025 3:53:53 PM java.util.prefs.FileSystemPreferences checkLockFile0ErrorCode
2025-10-22 15:53:53,195 [ERROR] LogOutputStream:75 - [STDERR_REDIRECT] WARNING: Could not lock System prefs. Unix error code 2.
2025-10-22 15:53:53,195 [ERROR] LogOutputStream:75 - [STDERR_REDIRECT] 
2025-10-22 15:53:53,196 [ERROR] LogOutputStream:75 - [STDERR_REDIRECT] Oct 22, 2025 3:53:53 PM java.util.prefs.FileSystemPreferences syncWorld
2025-10-22 15:53:53,243 [ERROR] LogOutputStream:75 - [STDERR_REDIRECT] WARNING: Couldn't flush system prefs: java.util.prefs.BackingStoreException: Couldn't get file lock.
2025-10-22 15:53:53,244 [ERROR] LogOutputStream:75 - [STDERR_REDIRECT] 
2025-10-22 15:54:04,183 [INFO] WebApp:194 - Connection lost
2025-10-22 15:54:11,518 [INFO] WebApp:191 - Connection restablished
2025-10-22 15:54:13,162 [INFO] WebApp:194 - Connection lost
2025-10-22 15:54:14,617 [INFO] WebApp:191 - Connection restablished
2025-10-22 15:54:22,931 [ERROR] LogOutputStream:75 - [STDERR_REDIRECT] Oct 22, 2025 3:54:22 PM java.util.prefs.FileSystemPreferences checkLockFile0ErrorCode
2025-10-22 15:54:22,931 [ERROR] LogOutputStream:75 - [STDERR_REDIRECT] WARNING: Could not lock System prefs. Unix error code 2.
2025-10-22 15:54:22,931 [ERROR] LogOutputStream:75 - [STDERR_REDIRECT] 
2025-10-22 15:54:22,931 [ERROR] LogOutputStream:75 - [STDERR_REDIRECT] Oct 22, 2025 3:54:22 PM java.util.prefs.FileSystemPreferences syncWorld
2025-10-22 15:54:22,931 [ERROR] LogOutputStream:75 - [STDERR_REDIRECT] WARNING: Couldn't flush system prefs: java.util.prefs.BackingStoreException: Couldn't get file lock.
2025-10-22 15:54:22,931 [ERROR] LogOutputStream:75 - [STDERR_REDIRECT] 
2025-10-22 15:54:40,006 [INFO] WebApp:194 - Connection lost
2025-10-22 15:54:40,149 [INFO] WebApp:191 - Connection restablished
2025-10-22 15:54:52,926 [ERROR] LogOutputStream:75 - [STDERR_REDIRECT] Oct 22, 2025 3:54:52 PM java.util.prefs.FileSystemPreferences checkLockFile0ErrorCode
2025-10-22 15:54:52,926 [ERROR] LogOutputStream:75 - [STDERR_REDIRECT] WARNING: Could not lock System prefs. Unix error code 2.
2025-10-22 15:54:52,926 [ERROR] LogOutputStream:75 - [STDERR_REDIRECT] 
2025-10-22 15:54:52,926 [ERROR] LogOutputStream:75 - [STDERR_REDIRECT] Oct 22, 2025 3:54:52 PM java.util.prefs.FileSystemPreferences syncWorld
2025-10-22 15:54:52,926 [ERROR] LogOutputStream:75 - [STDERR_REDIRECT] WARNING: Couldn't flush system prefs: java.util.prefs.BackingStoreException: Couldn't get file lock.
2025-10-22 15:54:52,926 [ERROR] LogOutputStream:75 - [STDERR_REDIRECT] 
2025-10-22 15:55:22,940 [ERROR] LogOutputStream:75 - [STDERR_REDIRECT] Oct 22, 2025 3:55:22 PM java.util.prefs.FileSystemPreferences checkLockFile0ErrorCode
2025-10-22 15:55:22,941 [ERROR] LogOutputStream:75 - [STDERR_REDIRECT] WARNING: Could not lock System prefs. Unix error code 2.
2025-10-22 15:55:22,941 [ERROR] LogOutputStream:75 - [STDERR_REDIRECT] 
2025-10-22 15:55:22,941 [ERROR] LogOutputStream:75 - [STDERR_REDIRECT] Oct 22, 2025 3:55:22 PM java.util.prefs.FileSystemPreferences syncWorld
2025-10-22 15:55:22,942 [ERROR] LogOutputStream:75 - [STDERR_REDIRECT] WARNING: Couldn't flush system prefs: java.util.prefs.BackingStoreException: Couldn't get file lock.
2025-10-22 15:55:22,942 [ERROR] LogOutputStream:75 - [STDERR_REDIRECT] 
2025-10-22 15:55:23,845 [INFO] WebApp:194 - Connection lost
2025-10-22 15:55:24,678 [INFO] WebApp:191 - Connection restablished
2025-10-22 15:55:26,034 [INFO] WebApp:194 - Connection lost
2025-10-22 15:55:27,081 [INFO] WebApp:191 - Connection restablished
2025-10-22 15:55:52,928 [ERROR] LogOutputStream:75 - [STDERR_REDIRECT] Oct 22, 2025 3:55:52 PM java.util.prefs.FileSystemPreferences checkLockFile0ErrorCode
2025-10-22 15:55:52,928 [ERROR] LogOutputStream:75 - [STDERR_REDIRECT] WARNING: Could not lock System prefs. Unix error code 2.
2025-10-22 15:55:52,929 [ERROR] LogOutputStream:75 - [STDERR_REDIRECT] 
2025-10-22 15:55:52,930 [ERROR] LogOutputStream:75 - [STDERR_REDIRECT] Oct 22, 2025 3:55:52 PM java.util.prefs.FileSystemPreferences syncWorld
2025-10-22 15:55:52,930 [ERROR] LogOutputStream:75 - [STDERR_REDIRECT] WARNING: Couldn't flush system prefs: java.util.prefs.BackingStoreException: Couldn't get file lock.
2025-10-22 15:55:52,930 [ERROR] LogOutputStream:75 - [STDERR_REDIRECT] 
2025-10-22 15:56:11,225 [INFO] WebApp:194 - Connection lost
2025-10-22 15:56:11,389 [INFO] WebApp:191 - Connection restablished
2025-10-22 15:56:22,929 [ERROR] LogOutputStream:75 - [STDERR_REDIRECT] Oct 22, 2025 3:56:22 PM java.util.prefs.FileSystemPreferences checkLockFile0ErrorCode
2025-10-22 15:56:22,930 [ERROR] LogOutputStream:75 - [STDERR_REDIRECT] WARNING: Could not lock System prefs. Unix error code 2.
2025-10-22 15:56:22,930 [ERROR] LogOutputStream:75 - [STDERR_REDIRECT] 
2025-10-22 15:56:22,931 [ERROR] LogOutputStream:75 - [STDERR_REDIRECT] Oct 22, 2025 3:56:22 PM java.util.prefs.FileSystemPreferences syncWorld
2025-10-22 15:56:22,931 [ERROR] LogOutputStream:75 - [STDERR_REDIRECT] WARNING: Couldn't flush system prefs: java.util.prefs.BackingStoreException: Couldn't get file lock.
2025-10-22 15:56:22,931 [ERROR] LogOutputStream:75 - [STDERR_REDIRECT] 
2025-10-22 15:56:52,927 [ERROR] LogOutputStream:75 - [STDERR_REDIRECT] Oct 22, 2025 3:56:52 PM java.util.prefs.FileSystemPreferences checkLockFile0ErrorCode
2025-10-22 15:56:52,927 [ERROR] LogOutputStream:75 - [STDERR_REDIRECT] WARNING: Could not lock System prefs. Unix error code 2.
2025-10-22 15:56:52,927 [ERROR] LogOutputStream:75 - [STDERR_REDIRECT] 
2025-10-22 15:56:52,927 [ERROR] LogOutputStream:75 - [STDERR_REDIRECT] Oct 22, 2025 3:56:52 PM java.util.prefs.FileSystemPreferences syncWorld
2025-10-22 15:56:52,927 [ERROR] LogOutputStream:75 - [STDERR_REDIRECT] WARNING: Couldn't flush system prefs: java.util.prefs.BackingStoreException: Couldn't get file lock.
2025-10-22 15:56:52,927 [ERROR] LogOutputStream:75 - [STDERR_REDIRECT] 
2025-10-22 15:56:56,174 [INFO] WebApp:194 - Connection lost
2025-10-22 15:56:56,596 [INFO] WebApp:191 - Connection restablished
2025-10-22 15:57:22,931 [ERROR] LogOutputStream:75 - [STDERR_REDIRECT] Oct 22, 2025 3:57:22 PM java.util.prefs.FileSystemPreferences checkLockFile0ErrorCode
2025-10-22 15:57:22,931 [ERROR] LogOutputStream:75 - [STDERR_REDIRECT] WARNING: Could not lock System prefs. Unix error code 2.
2025-10-22 15:57:22,931 [ERROR] LogOutputStream:75 - [STDERR_REDIRECT] 
2025-10-22 15:57:22,931 [ERROR] LogOutputStream:75 - [STDERR_REDIRECT] Oct 22, 2025 3:57:22 PM java.util.prefs.FileSystemPreferences syncWorld
2025-10-22 15:57:22,931 [ERROR] LogOutputStream:75 - [STDERR_REDIRECT] WARNING: Couldn't flush system prefs: java.util.prefs.BackingStoreException: Couldn't get file lock.
2025-10-22 15:57:22,932 [ERROR] LogOutputStream:75 - [STDERR_REDIRECT] 
2025-10-22 15:57:52,925 [ERROR] LogOutputStream:75 - [STDERR_REDIRECT] Oct 22, 2025 3:57:52 PM java.util.prefs.FileSystemPreferences checkLockFile0ErrorCode
2025-10-22 15:57:52,925 [ERROR] LogOutputStream:75 - [STDERR_REDIRECT] WARNING: Could not lock System prefs. Unix error code 2.
2025-10-22 15:57:52,925 [ERROR] LogOutputStream:75 - [STDERR_REDIRECT] 
2025-10-22 15:57:52,926 [ERROR] LogOutputStream:75 - [STDERR_REDIRECT] Oct 22, 2025 3:57:52 PM java.util.prefs.FileSystemPreferences syncWorld
2025-10-22 15:57:52,926 [ERROR] LogOutputStream:75 - [STDERR_REDIRECT] WARNING: Couldn't flush system prefs: java.util.prefs.BackingStoreException: Couldn't get file lock.
2025-10-22 15:57:52,927 [ERROR] LogOutputStream:75 - [STDERR_REDIRECT] 
2025-10-22 15:58:22,946 [ERROR] LogOutputStream:75 - [STDERR_REDIRECT] Oct 22, 2025 3:58:22 PM java.util.prefs.FileSystemPreferences checkLockFile0ErrorCode
2025-10-22 15:58:22,947 [ERROR] LogOutputStream:75 - [STDERR_REDIRECT] WARNING: Could not lock System prefs. Unix error code 2.
2025-10-22 15:58:22,947 [ERROR] LogOutputStream:75 - [STDERR_REDIRECT] 
2025-10-22 15:58:22,947 [ERROR] LogOutputStream:75 - [STDERR_REDIRECT] Oct 22, 2025 3:58:22 PM java.util.prefs.FileSystemPreferences syncWorld
2025-10-22 15:58:22,947 [ERROR] LogOutputStream:75 - [STDERR_REDIRECT] WARNING: Couldn't flush system prefs: java.util.prefs.BackingStoreException: Couldn't get file lock.
2025-10-22 15:58:22,947 [ERROR] LogOutputStream:75 - [STDERR_REDIRECT] 
2025-10-22 15:58:52,932 [ERROR] LogOutputStream:75 - [STDERR_REDIRECT] Oct 22, 2025 3:58:52 PM java.util.prefs.FileSystemPreferences checkLockFile0ErrorCode
2025-10-22 15:58:52,932 [ERROR] LogOutputStream:75 - [STDERR_REDIRECT] WARNING: Could not lock System prefs. Unix error code 2.
2025-10-22 15:58:52,932 [ERROR] LogOutputStream:75 - [STDERR_REDIRECT] 
2025-10-22 15:58:52,932 [ERROR] LogOutputStream:75 - [STDERR_REDIRECT] Oct 22, 2025 3:58:52 PM java.util.prefs.FileSystemPreferences syncWorld
2025-10-22 15:58:52,932 [ERROR] LogOutputStream:75 - [STDERR_REDIRECT] WARNING: Couldn't flush system prefs: java.util.prefs.BackingStoreException: Couldn't get file lock.
2025-10-22 15:58:52,932 [ERROR] LogOutputStream:75 - [STDERR_REDIRECT] 
2025-10-22 15:59:22,939 [ERROR] LogOutputStream:75 - [STDERR_REDIRECT] Oct 22, 2025 3:59:22 PM java.util.prefs.FileSystemPreferences checkLockFile0ErrorCode
2025-10-22 15:59:22,940 [ERROR] LogOutputStream:75 - [STDERR_REDIRECT] WARNING: Could not lock System prefs. Unix error code 2.
2025-10-22 15:59:22,940 [ERROR] LogOutputStream:75 - [STDERR_REDIRECT] 
2025-10-22 15:59:22,941 [ERROR] LogOutputStream:75 - [STDERR_REDIRECT] Oct 22, 2025 3:59:22 PM java.util.prefs.FileSystemPreferences syncWorld
2025-10-22 15:59:22,941 [ERROR] LogOutputStream:75 - [STDERR_REDIRECT] WARNING: Couldn't flush system prefs: java.util.prefs.BackingStoreException: Couldn't get file lock.
2025-10-22 15:59:22,941 [ERROR] LogOutputStream:75 - [STDERR_REDIRECT] 
2025-10-22 15:59:52,939 [ERROR] LogOutputStream:75 - [STDERR_REDIRECT] Oct 22, 2025 3:59:52 PM java.util.prefs.FileSystemPreferences checkLockFile0ErrorCode
2025-10-22 15:59:52,941 [ERROR] LogOutputStream:75 - [STDERR_REDIRECT] WARNING: Could not lock System prefs. Unix error code 2.
2025-10-22 15:59:52,941 [ERROR] LogOutputStream:75 - [STDERR_REDIRECT] 
2025-10-22 15:59:52,942 [ERROR] LogOutputStream:75 - [STDERR_REDIRECT] Oct 22, 2025 3:59:52 PM java.util.prefs.FileSystemPreferences syncWorld
2025-10-22 15:59:52,942 [ERROR] LogOutputStream:75 - [STDERR_REDIRECT] WARNING: Couldn't flush system prefs: java.util.prefs.BackingStoreException: Couldn't get file lock.
2025-10-22 15:59:52,942 [ERROR] LogOutputStream:75 - [STDERR_REDIRECT] 
2025-10-22 16:00:22,946 [ERROR] LogOutputStream:75 - [STDERR_REDIRECT] Oct 22, 2025 4:00:22 PM java.util.prefs.FileSystemPreferences checkLockFile0ErrorCode
2025-10-22 16:00:22,946 [ERROR] LogOutputStream:75 - [STDERR_REDIRECT] WARNING: Could not lock System prefs. Unix error code 2.
2025-10-22 16:00:22,946 [ERROR] LogOutputStream:75 - [STDERR_REDIRECT] 
2025-10-22 16:00:22,947 [ERROR] LogOutputStream:75 - [STDERR_REDIRECT] Oct 22, 2025 4:00:22 PM java.util.prefs.FileSystemPreferences syncWorld
2025-10-22 16:00:22,947 [ERROR] LogOutputStream:75 - [STDERR_REDIRECT] WARNING: Couldn't flush system prefs: java.util.prefs.BackingStoreException: Couldn't get file lock.
2025-10-22 16:00:22,949 [ERROR] LogOutputStream:75 - [STDERR_REDIRECT] 
2025-10-22 16:00:52,946 [ERROR] LogOutputStream:75 - [STDERR_REDIRECT] Oct 22, 2025 4:00:52 PM java.util.prefs.FileSystemPreferences checkLockFile0ErrorCode
2025-10-22 16:00:52,947 [ERROR] LogOutputStream:75 - [STDERR_REDIRECT] WARNING: Could not lock System prefs. Unix error code 2.
2025-10-22 16:00:52,947 [ERROR] LogOutputStream:75 - [STDERR_REDIRECT] 
2025-10-22 16:00:52,954 [ERROR] LogOutputStream:75 - [STDERR_REDIRECT] Oct 22, 2025 4:00:52 PM java.util.prefs.FileSystemPreferences syncWorld
2025-10-22 16:00:52,956 [ERROR] LogOutputStream:75 - [STDERR_REDIRECT] WARNING: Couldn't flush system prefs: java.util.prefs.BackingStoreException: Couldn't get file lock.
2025-10-22 16:00:52,957 [ERROR] LogOutputStream:75 - [STDERR_REDIRECT] 
2025-10-22 16:01:22,956 [ERROR] LogOutputStream:75 - [STDERR_REDIRECT] Oct 22, 2025 4:01:22 PM java.util.prefs.FileSystemPreferences checkLockFile0ErrorCode
2025-10-22 16:01:22,959 [ERROR] LogOutputStream:75 - [STDERR_REDIRECT] WARNING: Could not lock System prefs. Unix error code 2.
2025-10-22 16:01:22,959 [ERROR] LogOutputStream:75 - [STDERR_REDIRECT] 
2025-10-22 16:01:22,962 [ERROR] LogOutputStream:75 - [STDERR_REDIRECT] Oct 22, 2025 4:01:22 PM java.util.prefs.FileSystemPreferences syncWorld
2025-10-22 16:01:22,963 [ERROR] LogOutputStream:75 - [STDERR_REDIRECT] WARNING: Couldn't flush system prefs: java.util.prefs.BackingStoreException: Couldn't get file lock.
2025-10-22 16:01:22,964 [ERROR] LogOutputStream:75 - [STDERR_REDIRECT] 
2025-10-22 16:01:52,962 [ERROR] LogOutputStream:75 - [STDERR_REDIRECT] Oct 22, 2025 4:01:52 PM java.util.prefs.FileSystemPreferences checkLockFile0ErrorCode
2025-10-22 16:01:52,962 [ERROR] LogOutputStream:75 - [STDERR_REDIRECT] WARNING: Could not lock System prefs. Unix error code 2.
2025-10-22 16:01:52,963 [ERROR] LogOutputStream:75 - [STDERR_REDIRECT] 
2025-10-22 16:01:52,964 [ERROR] LogOutputStream:75 - [STDERR_REDIRECT] Oct 22, 2025 4:01:52 PM java.util.prefs.FileSystemPreferences syncWorld
2025-10-22 16:01:52,964 [ERROR] LogOutputStream:75 - [STDERR_REDIRECT] WARNING: Couldn't flush system prefs: java.util.prefs.BackingStoreException: Couldn't get file lock.
2025-10-22 16:01:52,964 [ERROR] LogOutputStream:75 - [STDERR_REDIRECT] 
2025-10-22 16:02:13,611 [INFO] WebApp:194 - Connection lost
2025-10-22 16:02:19,582 [INFO] WebApp:191 - Connection restablished
2025-10-22 16:02:22,894 [INFO] WebApp:194 - Connection lost
2025-10-22 16:02:23,131 [ERROR] LogOutputStream:75 - [STDERR_REDIRECT] Oct 22, 2025 4:02:23 PM java.util.prefs.FileSystemPreferences checkLockFile0ErrorCode
2025-10-22 16:02:23,134 [ERROR] LogOutputStream:75 - [STDERR_REDIRECT] WARNING: Could not lock System prefs. Unix error code 2.
2025-10-22 16:02:23,134 [ERROR] LogOutputStream:75 - [STDERR_REDIRECT] 
2025-10-22 16:02:23,139 [ERROR] LogOutputStream:75 - [STDERR_REDIRECT] Oct 22, 2025 4:02:23 PM java.util.prefs.FileSystemPreferences syncWorld
2025-10-22 16:02:23,160 [ERROR] LogOutputStream:75 - [STDERR_REDIRECT] WARNING: Couldn't flush system prefs: java.util.prefs.BackingStoreException: Couldn't get file lock.
2025-10-22 16:02:23,160 [ERROR] LogOutputStream:75 - [STDERR_REDIRECT] 
2025-10-22 16:02:29,519 [INFO] WebApp:191 - Connection restablished
2025-10-22 16:02:53,185 [ERROR] LogOutputStream:75 - [STDERR_REDIRECT] Oct 22, 2025 4:02:53 PM java.util.prefs.FileSystemPreferences checkLockFile0ErrorCode
2025-10-22 16:02:53,369 [ERROR] LogOutputStream:75 - [STDERR_REDIRECT] WARNING: Could not lock System prefs. Unix error code 2.
2025-10-22 16:02:53,632 [ERROR] LogOutputStream:75 - [STDERR_REDIRECT] 
2025-10-22 16:02:53,634 [ERROR] LogOutputStream:75 - [STDERR_REDIRECT] Oct 22, 2025 4:02:53 PM java.util.prefs.FileSystemPreferences syncWorld
2025-10-22 16:02:53,634 [ERROR] LogOutputStream:75 - [STDERR_REDIRECT] WARNING: Couldn't flush system prefs: java.util.prefs.BackingStoreException: Couldn't get file lock.
2025-10-22 16:02:53,634 [ERROR] LogOutputStream:75 - [STDERR_REDIRECT] 
2025-10-22 16:03:07,899 [INFO] WebApp:194 - Connection lost
2025-10-22 16:03:19,992 [INFO] WebApp:191 - Connection restablished
2025-10-22 16:03:23,189 [ERROR] LogOutputStream:75 - [STDERR_REDIRECT] Oct 22, 2025 4:03:23 PM java.util.prefs.FileSystemPreferences checkLockFile0ErrorCode
2025-10-22 16:03:23,189 [ERROR] LogOutputStream:75 - [STDERR_REDIRECT] WARNING: Could not lock System prefs. Unix error code 2.
2025-10-22 16:03:23,190 [ERROR] LogOutputStream:75 - [STDERR_REDIRECT] 
2025-10-22 16:03:23,191 [ERROR] LogOutputStream:75 - [STDERR_REDIRECT] Oct 22, 2025 4:03:23 PM java.util.prefs.FileSystemPreferences syncWorld
2025-10-22 16:03:23,192 [ERROR] LogOutputStream:75 - [STDERR_REDIRECT] WARNING: Couldn't flush system prefs: java.util.prefs.BackingStoreException: Couldn't get file lock.
2025-10-22 16:03:23,192 [ERROR] LogOutputStream:75 - [STDERR_REDIRECT] 
2025-10-22 16:03:29,397 [INFO] WebApp:194 - Connection lost
2025-10-22 16:03:43,091 [INFO] WebApp:191 - Connection restablished
2025-10-22 16:03:53,362 [ERROR] LogOutputStream:75 - [STDERR_REDIRECT] Oct 22, 2025 4:03:53 PM java.util.prefs.FileSystemPreferences checkLockFile0ErrorCode
2025-10-22 16:03:53,365 [ERROR] LogOutputStream:75 - [STDERR_REDIRECT] WARNING: Could not lock System prefs. Unix error code 2.
2025-10-22 16:03:53,366 [ERROR] LogOutputStream:75 - [STDERR_REDIRECT] 
2025-10-22 16:03:53,366 [ERROR] LogOutputStream:75 - [STDERR_REDIRECT] Oct 22, 2025 4:03:53 PM java.util.prefs.FileSystemPreferences syncWorld
2025-10-22 16:03:53,367 [ERROR] LogOutputStream:75 - [STDERR_REDIRECT] WARNING: Couldn't flush system prefs: java.util.prefs.BackingStoreException: Couldn't get file lock.
2025-10-22 16:03:53,367 [ERROR] LogOutputStream:75 - [STDERR_REDIRECT] 
2025-10-22 16:04:23,517 [ERROR] LogOutputStream:75 - [STDERR_REDIRECT] Oct 22, 2025 4:04:23 PM java.util.prefs.FileSystemPreferences checkLockFile0ErrorCode
2025-10-22 16:04:23,517 [ERROR] LogOutputStream:75 - [STDERR_REDIRECT] WARNING: Could not lock System prefs. Unix error code 2.
2025-10-22 16:04:23,517 [ERROR] LogOutputStream:75 - [STDERR_REDIRECT] 
2025-10-22 16:04:23,519 [ERROR] LogOutputStream:75 - [STDERR_REDIRECT] Oct 22, 2025 4:04:23 PM java.util.prefs.FileSystemPreferences syncWorld
2025-10-22 16:04:23,519 [ERROR] LogOutputStream:75 - [STDERR_REDIRECT] WARNING: Couldn't flush system prefs: java.util.prefs.BackingStoreException: Couldn't get file lock.
2025-10-22 16:04:23,520 [ERROR] LogOutputStream:75 - [STDERR_REDIRECT] 
2025-10-22 16:04:24,536 [INFO] WebApp:194 - Connection lost
2025-10-22 16:04:32,762 [INFO] WebApp:191 - Connection restablished
2025-10-22 16:04:47,218 [INFO] WebApp:194 - Connection lost
2025-10-22 16:04:53,467 [ERROR] LogOutputStream:75 - [STDERR_REDIRECT] Oct 22, 2025 4:04:53 PM java.util.prefs.FileSystemPreferences checkLockFile0ErrorCode
2025-10-22 16:04:53,574 [ERROR] LogOutputStream:75 - [STDERR_REDIRECT] WARNING: Could not lock System prefs. Unix error code 2.
2025-10-22 16:04:53,594 [ERROR] LogOutputStream:75 - [STDERR_REDIRECT] 
2025-10-22 16:04:53,655 [ERROR] LogOutputStream:75 - [STDERR_REDIRECT] Oct 22, 2025 4:04:53 PM java.util.prefs.FileSystemPreferences syncWorld
2025-10-22 16:04:53,658 [ERROR] LogOutputStream:75 - [STDERR_REDIRECT] WARNING: Couldn't flush system prefs: java.util.prefs.BackingStoreException: Couldn't get file lock.
2025-10-22 16:04:53,775 [ERROR] LogOutputStream:75 - [STDERR_REDIRECT] 
2025-10-22 16:05:01,425 [INFO] WebApp:191 - Connection restablished
2025-10-22 16:05:23,689 [ERROR] LogOutputStream:75 - [STDERR_REDIRECT] Oct 22, 2025 4:05:23 PM java.util.prefs.FileSystemPreferences checkLockFile0ErrorCode
2025-10-22 16:05:23,789 [ERROR] LogOutputStream:75 - [STDERR_REDIRECT] WARNING: Could not lock System prefs. Unix error code 2.
2025-10-22 16:05:23,789 [ERROR] LogOutputStream:75 - [STDERR_REDIRECT] 
2025-10-22 16:05:23,790 [ERROR] LogOutputStream:75 - [STDERR_REDIRECT] Oct 22, 2025 4:05:23 PM java.util.prefs.FileSystemPreferences syncWorld
2025-10-22 16:05:23,792 [ERROR] LogOutputStream:75 - [STDERR_REDIRECT] WARNING: Couldn't flush system prefs: java.util.prefs.BackingStoreException: Couldn't get file lock.
2025-10-22 16:05:23,792 [ERROR] LogOutputStream:75 - [STDERR_REDIRECT] 
2025-10-22 16:05:29,138 [INFO] WebApp:194 - Connection lost
2025-10-22 16:05:42,534 [INFO] WebApp:191 - Connection restablished
2025-10-22 16:05:43,897 [INFO] WebApp:194 - Connection lost
2025-10-22 16:05:53,434 [ERROR] LogOutputStream:75 - [STDERR_REDIRECT] Oct 22, 2025 4:05:53 PM java.util.prefs.FileSystemPreferences checkLockFile0ErrorCode
2025-10-22 16:05:53,435 [ERROR] LogOutputStream:75 - [STDERR_REDIRECT] WARNING: Could not lock System prefs. Unix error code 2.
2025-10-22 16:05:53,436 [ERROR] LogOutputStream:75 - [STDERR_REDIRECT] 
2025-10-22 16:05:53,437 [ERROR] LogOutputStream:75 - [STDERR_REDIRECT] Oct 22, 2025 4:05:53 PM java.util.prefs.FileSystemPreferences syncWorld
2025-10-22 16:05:53,438 [ERROR] LogOutputStream:75 - [STDERR_REDIRECT] WARNING: Couldn't flush system prefs: java.util.prefs.BackingStoreException: Couldn't get file lock.
2025-10-22 16:05:53,438 [ERROR] LogOutputStream:75 - [STDERR_REDIRECT] 
2025-10-22 16:05:55,590 [INFO] WebApp:191 - Connection restablished
2025-10-22 16:05:57,110 [INFO] WebApp:194 - Connection lost
2025-10-22 16:06:02,502 [INFO] WebApp:191 - Connection restablished
2025-10-22 16:06:23,409 [ERROR] LogOutputStream:75 - [STDERR_REDIRECT] Oct 22, 2025 4:06:23 PM java.util.prefs.FileSystemPreferences checkLockFile0ErrorCode
2025-10-22 16:06:23,428 [ERROR] LogOutputStream:75 - [STDERR_REDIRECT] WARNING: Could not lock System prefs. Unix error code 2.
2025-10-22 16:06:23,438 [ERROR] LogOutputStream:75 - [STDERR_REDIRECT] 
2025-10-22 16:06:23,456 [ERROR] LogOutputStream:75 - [STDERR_REDIRECT] Oct 22, 2025 4:06:23 PM java.util.prefs.FileSystemPreferences syncWorld
2025-10-22 16:06:23,462 [ERROR] LogOutputStream:75 - [STDERR_REDIRECT] WARNING: Couldn't flush system prefs: java.util.prefs.BackingStoreException: Couldn't get file lock.
2025-10-22 16:06:23,462 [ERROR] LogOutputStream:75 - [STDERR_REDIRECT] 
2025-10-22 16:06:46,754 [INFO] WebApp:194 - Connection lost
2025-10-22 16:06:52,575 [INFO] WebApp:191 - Connection restablished
2025-10-22 16:06:53,427 [ERROR] LogOutputStream:75 - [STDERR_REDIRECT] Oct 22, 2025 4:06:53 PM java.util.prefs.FileSystemPreferences checkLockFile0ErrorCode
2025-10-22 16:06:54,022 [ERROR] LogOutputStream:75 - [STDERR_REDIRECT] WARNING: Could not lock System prefs. Unix error code 2.
2025-10-22 16:06:54,041 [ERROR] LogOutputStream:75 - [STDERR_REDIRECT] 
2025-10-22 16:06:54,059 [ERROR] LogOutputStream:75 - [STDERR_REDIRECT] Oct 22, 2025 4:06:54 PM java.util.prefs.FileSystemPreferences syncWorld
2025-10-22 16:06:54,060 [ERROR] LogOutputStream:75 - [STDERR_REDIRECT] WARNING: Couldn't flush system prefs: java.util.prefs.BackingStoreException: Couldn't get file lock.
2025-10-22 16:06:54,060 [ERROR] LogOutputStream:75 - [STDERR_REDIRECT] 
2025-10-22 16:07:23,485 [ERROR] LogOutputStream:75 - [STDERR_REDIRECT] Oct 22, 2025 4:07:23 PM java.util.prefs.FileSystemPreferences checkLockFile0ErrorCode
2025-10-22 16:07:23,486 [ERROR] LogOutputStream:75 - [STDERR_REDIRECT] WARNING: Could not lock System prefs. Unix error code 2.
2025-10-22 16:07:23,486 [ERROR] LogOutputStream:75 - [STDERR_REDIRECT] 
2025-10-22 16:07:23,487 [ERROR] LogOutputStream:75 - [STDERR_REDIRECT] Oct 22, 2025 4:07:23 PM java.util.prefs.FileSystemPreferences syncWorld
2025-10-22 16:07:23,488 [ERROR] LogOutputStream:75 - [STDERR_REDIRECT] WARNING: Couldn't flush system prefs: java.util.prefs.BackingStoreException: Couldn't get file lock.
2025-10-22 16:07:23,488 [ERROR] LogOutputStream:75 - [STDERR_REDIRECT] 
2025-10-22 16:07:53,471 [ERROR] LogOutputStream:75 - [STDERR_REDIRECT] Oct 22, 2025 4:07:53 PM java.util.prefs.FileSystemPreferences checkLockFile0ErrorCode
2025-10-22 16:07:53,472 [ERROR] LogOutputStream:75 - [STDERR_REDIRECT] WARNING: Could not lock System prefs. Unix error code 2.
2025-10-22 16:07:53,474 [ERROR] LogOutputStream:75 - [STDERR_REDIRECT] 
2025-10-22 16:07:53,475 [ERROR] LogOutputStream:75 - [STDERR_REDIRECT] Oct 22, 2025 4:07:53 PM java.util.prefs.FileSystemPreferences syncWorld
2025-10-22 16:07:53,477 [ERROR] LogOutputStream:75 - [STDERR_REDIRECT] WARNING: Couldn't flush system prefs: java.util.prefs.BackingStoreException: Couldn't get file lock.
2025-10-22 16:07:53,477 [ERROR] LogOutputStream:75 - [STDERR_REDIRECT] 
2025-10-22 16:08:23,385 [ERROR] LogOutputStream:75 - [STDERR_REDIRECT] Oct 22, 2025 4:08:23 PM java.util.prefs.FileSystemPreferences checkLockFile0ErrorCode
2025-10-22 16:08:23,388 [ERROR] LogOutputStream:75 - [STDERR_REDIRECT] WARNING: Could not lock System prefs. Unix error code 2.
2025-10-22 16:08:23,388 [ERROR] LogOutputStream:75 - [STDERR_REDIRECT] 
2025-10-22 16:08:23,389 [ERROR] LogOutputStream:75 - [STDERR_REDIRECT] Oct 22, 2025 4:08:23 PM java.util.prefs.FileSystemPreferences syncWorld
2025-10-22 16:08:23,426 [ERROR] LogOutputStream:75 - [STDERR_REDIRECT] WARNING: Couldn't flush system prefs: java.util.prefs.BackingStoreException: Couldn't get file lock.
2025-10-22 16:08:23,427 [ERROR] LogOutputStream:75 - [STDERR_REDIRECT] 
2025-10-22 16:08:53,391 [ERROR] LogOutputStream:75 - [STDERR_REDIRECT] Oct 22, 2025 4:08:53 PM java.util.prefs.FileSystemPreferences checkLockFile0ErrorCode
2025-10-22 16:08:53,395 [ERROR] LogOutputStream:75 - [STDERR_REDIRECT] WARNING: Could not lock System prefs. Unix error code 2.
2025-10-22 16:08:53,402 [ERROR] LogOutputStream:75 - [STDERR_REDIRECT] 
2025-10-22 16:08:53,406 [ERROR] LogOutputStream:75 - [STDERR_REDIRECT] Oct 22, 2025 4:08:53 PM java.util.prefs.FileSystemPreferences syncWorld
2025-10-22 16:08:53,407 [ERROR] LogOutputStream:75 - [STDERR_REDIRECT] WARNING: Couldn't flush system prefs: java.util.prefs.BackingStoreException: Couldn't get file lock.
2025-10-22 16:08:53,408 [ERROR] LogOutputStream:75 - [STDERR_REDIRECT] 
2025-10-22 16:09:23,404 [ERROR] LogOutputStream:75 - [STDERR_REDIRECT] Oct 22, 2025 4:09:23 PM java.util.prefs.FileSystemPreferences checkLockFile0ErrorCode
2025-10-22 16:09:23,510 [ERROR] LogOutputStream:75 - [STDERR_REDIRECT] WARNING: Could not lock System prefs. Unix error code 2.
2025-10-22 16:09:23,511 [ERROR] LogOutputStream:75 - [STDERR_REDIRECT] 
2025-10-22 16:09:23,524 [ERROR] LogOutputStream:75 - [STDERR_REDIRECT] Oct 22, 2025 4:09:23 PM java.util.prefs.FileSystemPreferences syncWorld
2025-10-22 16:09:23,526 [ERROR] LogOutputStream:75 - [STDERR_REDIRECT] WARNING: Couldn't flush system prefs: java.util.prefs.BackingStoreException: Couldn't get file lock.
2025-10-22 16:09:23,526 [ERROR] LogOutputStream:75 - [STDERR_REDIRECT] 
2025-10-22 16:09:53,394 [ERROR] LogOutputStream:75 - [STDERR_REDIRECT] Oct 22, 2025 4:09:53 PM java.util.prefs.FileSystemPreferences checkLockFile0ErrorCode
2025-10-22 16:09:53,397 [ERROR] LogOutputStream:75 - [STDERR_REDIRECT] WARNING: Could not lock System prefs. Unix error code 2.
2025-10-22 16:09:53,398 [ERROR] LogOutputStream:75 - [STDERR_REDIRECT] 
2025-10-22 16:09:53,401 [ERROR] LogOutputStream:75 - [STDERR_REDIRECT] Oct 22, 2025 4:09:53 PM java.util.prefs.FileSystemPreferences syncWorld
2025-10-22 16:09:53,401 [ERROR] LogOutputStream:75 - [STDERR_REDIRECT] WARNING: Couldn't flush system prefs: java.util.prefs.BackingStoreException: Couldn't get file lock.
2025-10-22 16:09:53,402 [ERROR] LogOutputStream:75 - [STDERR_REDIRECT] 
2025-10-22 16:10:23,413 [ERROR] LogOutputStream:75 - [STDERR_REDIRECT] Oct 22, 2025 4:10:23 PM java.util.prefs.FileSystemPreferences checkLockFile0ErrorCode
2025-10-22 16:10:23,418 [ERROR] LogOutputStream:75 - [STDERR_REDIRECT] WARNING: Could not lock System prefs. Unix error code 2.
2025-10-22 16:10:23,419 [ERROR] LogOutputStream:75 - [STDERR_REDIRECT] 
2025-10-22 16:10:23,420 [ERROR] LogOutputStream:75 - [STDERR_REDIRECT] Oct 22, 2025 4:10:23 PM java.util.prefs.FileSystemPreferences syncWorld
2025-10-22 16:10:23,420 [ERROR] LogOutputStream:75 - [STDERR_REDIRECT] WARNING: Couldn't flush system prefs: java.util.prefs.BackingStoreException: Couldn't get file lock.
2025-10-22 16:10:23,420 [ERROR] LogOutputStream:75 - [STDERR_REDIRECT] 
2025-10-22 16:10:53,416 [ERROR] LogOutputStream:75 - [STDERR_REDIRECT] Oct 22, 2025 4:10:53 PM java.util.prefs.FileSystemPreferences checkLockFile0ErrorCode
2025-10-22 16:10:53,417 [ERROR] LogOutputStream:75 - [STDERR_REDIRECT] WARNING: Could not lock System prefs. Unix error code 2.
2025-10-22 16:10:53,418 [ERROR] LogOutputStream:75 - [STDERR_REDIRECT] 
2025-10-22 16:10:53,420 [ERROR] LogOutputStream:75 - [STDERR_REDIRECT] Oct 22, 2025 4:10:53 PM java.util.prefs.FileSystemPreferences syncWorld
2025-10-22 16:10:53,421 [ERROR] LogOutputStream:75 - [STDERR_REDIRECT] WARNING: Couldn't flush system prefs: java.util.prefs.BackingStoreException: Couldn't get file lock.
2025-10-22 16:10:53,421 [ERROR] LogOutputStream:75 - [STDERR_REDIRECT] 
2025-10-22 16:11:23,723 [ERROR] LogOutputStream:75 - [STDERR_REDIRECT] Oct 22, 2025 4:11:23 PM java.util.prefs.FileSystemPreferences checkLockFile0ErrorCode
2025-10-22 16:11:24,085 [ERROR] LogOutputStream:75 - [STDERR_REDIRECT] WARNING: Could not lock System prefs. Unix error code 2.
2025-10-22 16:11:24,085 [ERROR] LogOutputStream:75 - [STDERR_REDIRECT] 
2025-10-22 16:11:24,086 [ERROR] LogOutputStream:75 - [STDERR_REDIRECT] Oct 22, 2025 4:11:24 PM java.util.prefs.FileSystemPreferences syncWorld
2025-10-22 16:11:24,086 [ERROR] LogOutputStream:75 - [STDERR_REDIRECT] WARNING: Couldn't flush system prefs: java.util.prefs.BackingStoreException: Couldn't get file lock.
2025-10-22 16:11:24,086 [ERROR] LogOutputStream:75 - [STDERR_REDIRECT] 
2025-10-22 16:11:36,119 [INFO] WebApp:194 - Connection lost
2025-10-22 16:11:40,648 [INFO] WebApp:191 - Connection restablished
2025-10-22 16:11:53,840 [ERROR] LogOutputStream:75 - [STDERR_REDIRECT] Oct 22, 2025 4:11:53 PM java.util.prefs.FileSystemPreferences checkLockFile0ErrorCode
2025-10-22 16:11:53,840 [ERROR] LogOutputStream:75 - [STDERR_REDIRECT] WARNING: Could not lock System prefs. Unix error code 2.
2025-10-22 16:11:53,841 [ERROR] LogOutputStream:75 - [STDERR_REDIRECT] 
2025-10-22 16:11:53,842 [ERROR] LogOutputStream:75 - [STDERR_REDIRECT] Oct 22, 2025 4:11:53 PM java.util.prefs.FileSystemPreferences syncWorld
2025-10-22 16:11:53,842 [ERROR] LogOutputStream:75 - [STDERR_REDIRECT] WARNING: Couldn't flush system prefs: java.util.prefs.BackingStoreException: Couldn't get file lock.
2025-10-22 16:11:53,843 [ERROR] LogOutputStream:75 - [STDERR_REDIRECT] 
2025-10-22 16:12:24,960 [ERROR] LogOutputStream:75 - [STDERR_REDIRECT] Oct 22, 2025 4:12:24 PM java.util.prefs.FileSystemPreferences checkLockFile0ErrorCode
2025-10-22 16:12:24,972 [ERROR] LogOutputStream:75 - [STDERR_REDIRECT] WARNING: Could not lock System prefs. Unix error code 2.
2025-10-22 16:12:24,972 [ERROR] LogOutputStream:75 - [STDERR_REDIRECT] 
2025-10-22 16:12:25,009 [ERROR] LogOutputStream:75 - [STDERR_REDIRECT] Oct 22, 2025 4:12:24 PM java.util.prefs.FileSystemPreferences syncWorld
2025-10-22 16:12:25,013 [ERROR] LogOutputStream:75 - [STDERR_REDIRECT] WARNING: Couldn't flush system prefs: java.util.prefs.BackingStoreException: Couldn't get file lock.
2025-10-22 16:12:25,014 [ERROR] LogOutputStream:75 - [STDERR_REDIRECT] 
2025-10-22 16:12:31,290 [INFO] WebApp:194 - Connection lost
2025-10-22 16:12:37,845 [INFO] WebApp:191 - Connection restablished
2025-10-22 16:12:42,448 [INFO] WebApp:194 - Connection lost
2025-10-22 16:12:49,337 [INFO] WebApp:191 - Connection restablished
2025-10-22 16:12:54,542 [ERROR] LogOutputStream:75 - [STDERR_REDIRECT] Oct 22, 2025 4:12:54 PM java.util.prefs.FileSystemPreferences checkLockFile0ErrorCode
2025-10-22 16:12:54,543 [ERROR] LogOutputStream:75 - [STDERR_REDIRECT] WARNING: Could not lock System prefs. Unix error code 2.
2025-10-22 16:12:54,543 [ERROR] LogOutputStream:75 - [STDERR_REDIRECT] 
2025-10-22 16:12:54,641 [ERROR] LogOutputStream:75 - [STDERR_REDIRECT] Oct 22, 2025 4:12:54 PM java.util.prefs.FileSystemPreferences syncWorld
2025-10-22 16:12:54,679 [ERROR] LogOutputStream:75 - [STDERR_REDIRECT] WARNING: Couldn't flush system prefs: java.util.prefs.BackingStoreException: Couldn't get file lock.
2025-10-22 16:12:54,680 [ERROR] LogOutputStream:75 - [STDERR_REDIRECT] 
2025-10-22 16:12:54,945 [INFO] WebApp:194 - Connection lost
2025-10-22 16:13:04,764 [INFO] WebApp:191 - Connection restablished
2025-10-22 16:13:24,224 [ERROR] LogOutputStream:75 - [STDERR_REDIRECT] Oct 22, 2025 4:13:24 PM java.util.prefs.FileSystemPreferences checkLockFile0ErrorCode
2025-10-22 16:13:24,227 [ERROR] LogOutputStream:75 - [STDERR_REDIRECT] WARNING: Could not lock System prefs. Unix error code 2.
2025-10-22 16:13:24,228 [ERROR] LogOutputStream:75 - [STDERR_REDIRECT] 
2025-10-22 16:13:24,229 [ERROR] LogOutputStream:75 - [STDERR_REDIRECT] Oct 22, 2025 4:13:24 PM java.util.prefs.FileSystemPreferences syncWorld
2025-10-22 16:13:24,229 [ERROR] LogOutputStream:75 - [STDERR_REDIRECT] WARNING: Couldn't flush system prefs: java.util.prefs.BackingStoreException: Couldn't get file lock.
2025-10-22 16:13:24,229 [ERROR] LogOutputStream:75 - [STDERR_REDIRECT] 
2025-10-22 16:13:46,455 [INFO] WebApp:194 - Connection lost
2025-10-22 16:13:51,396 [INFO] WebApp:191 - Connection restablished
2025-10-22 16:13:54,737 [ERROR] LogOutputStream:75 - [STDERR_REDIRECT] Oct 22, 2025 4:13:54 PM java.util.prefs.FileSystemPreferences checkLockFile0ErrorCode
2025-10-22 16:13:54,738 [ERROR] LogOutputStream:75 - [STDERR_REDIRECT] WARNING: Could not lock System prefs. Unix error code 2.
2025-10-22 16:13:54,738 [ERROR] LogOutputStream:75 - [STDERR_REDIRECT] 
2025-10-22 16:13:54,854 [ERROR] LogOutputStream:75 - [STDERR_REDIRECT] Oct 22, 2025 4:13:54 PM java.util.prefs.FileSystemPreferences syncWorld
2025-10-22 16:13:54,888 [ERROR] LogOutputStream:75 - [STDERR_REDIRECT] WARNING: Couldn't flush system prefs: java.util.prefs.BackingStoreException: Couldn't get file lock.
2025-10-22 16:13:54,904 [ERROR] LogOutputStream:75 - [STDERR_REDIRECT] 
2025-10-22 16:14:00,099 [INFO] WebApp:194 - Connection lost
2025-10-22 16:14:08,185 [INFO] WebApp:191 - Connection restablished
2025-10-22 16:14:24,117 [ERROR] LogOutputStream:75 - [STDERR_REDIRECT] Oct 22, 2025 4:14:24 PM java.util.prefs.FileSystemPreferences checkLockFile0ErrorCode
2025-10-22 16:14:24,725 [ERROR] LogOutputStream:75 - [STDERR_REDIRECT] WARNING: Could not lock System prefs. Unix error code 2.
2025-10-22 16:14:24,781 [ERROR] LogOutputStream:75 - [STDERR_REDIRECT] 
2025-10-22 16:14:24,783 [ERROR] LogOutputStream:75 - [STDERR_REDIRECT] Oct 22, 2025 4:14:24 PM java.util.prefs.FileSystemPreferences syncWorld
2025-10-22 16:14:24,784 [ERROR] LogOutputStream:75 - [STDERR_REDIRECT] WARNING: Couldn't flush system prefs: java.util.prefs.BackingStoreException: Couldn't get file lock.
2025-10-22 16:14:24,784 [ERROR] LogOutputStream:75 - [STDERR_REDIRECT] 
2025-10-22 16:14:48,983 [INFO] WebApp:194 - Connection lost
2025-10-22 16:14:54,514 [ERROR] LogOutputStream:75 - [STDERR_REDIRECT] Oct 22, 2025 4:14:54 PM java.util.prefs.FileSystemPreferences checkLockFile0ErrorCode
2025-10-22 16:14:54,515 [ERROR] LogOutputStream:75 - [STDERR_REDIRECT] WARNING: Could not lock System prefs. Unix error code 2.
2025-10-22 16:14:54,515 [ERROR] LogOutputStream:75 - [STDERR_REDIRECT] 
2025-10-22 16:14:54,538 [ERROR] LogOutputStream:75 - [STDERR_REDIRECT] Oct 22, 2025 4:14:54 PM java.util.prefs.FileSystemPreferences syncWorld
2025-10-22 16:14:54,538 [ERROR] LogOutputStream:75 - [STDERR_REDIRECT] WARNING: Couldn't flush system prefs: java.util.prefs.BackingStoreException: Couldn't get file lock.
2025-10-22 16:14:54,538 [ERROR] LogOutputStream:75 - [STDERR_REDIRECT] 
2025-10-22 16:14:55,110 [INFO] WebApp:191 - Connection restablished
2025-10-22 16:15:09,312 [INFO] WebApp:194 - Connection lost
2025-10-22 16:15:22,882 [INFO] WebApp:191 - Connection restablished
2025-10-22 16:15:24,734 [ERROR] LogOutputStream:75 - [STDERR_REDIRECT] Oct 22, 2025 4:15:24 PM java.util.prefs.FileSystemPreferences checkLockFile0ErrorCode
2025-10-22 16:15:24,735 [ERROR] LogOutputStream:75 - [STDERR_REDIRECT] WARNING: Could not lock System prefs. Unix error code 2.
2025-10-22 16:15:24,773 [ERROR] LogOutputStream:75 - [STDERR_REDIRECT] 
2025-10-22 16:15:24,775 [ERROR] LogOutputStream:75 - [STDERR_REDIRECT] Oct 22, 2025 4:15:24 PM java.util.prefs.FileSystemPreferences syncWorld
2025-10-22 16:15:24,775 [ERROR] LogOutputStream:75 - [STDERR_REDIRECT] WARNING: Couldn't flush system prefs: java.util.prefs.BackingStoreException: Couldn't get file lock.
2025-10-22 16:15:24,775 [ERROR] LogOutputStream:75 - [STDERR_REDIRECT] 
2025-10-22 16:15:54,606 [ERROR] LogOutputStream:75 - [STDERR_REDIRECT] Oct 22, 2025 4:15:54 PM java.util.prefs.FileSystemPreferences checkLockFile0ErrorCode
2025-10-22 16:15:54,607 [ERROR] LogOutputStream:75 - [STDERR_REDIRECT] WARNING: Could not lock System prefs. Unix error code 2.
2025-10-22 16:15:54,609 [ERROR] LogOutputStream:75 - [STDERR_REDIRECT] 
2025-10-22 16:15:54,610 [ERROR] LogOutputStream:75 - [STDERR_REDIRECT] Oct 22, 2025 4:15:54 PM java.util.prefs.FileSystemPreferences syncWorld
2025-10-22 16:15:54,610 [ERROR] LogOutputStream:75 - [STDERR_REDIRECT] WARNING: Couldn't flush system prefs: java.util.prefs.BackingStoreException: Couldn't get file lock.
2025-10-22 16:15:54,610 [ERROR] LogOutputStream:75 - [STDERR_REDIRECT] 
2025-10-22 16:16:06,432 [INFO] WebApp:194 - Connection lost
2025-10-22 16:16:18,744 [INFO] WebApp:191 - Connection restablished
2025-10-22 16:16:25,169 [ERROR] LogOutputStream:75 - [STDERR_REDIRECT] Oct 22, 2025 4:16:24 PM java.util.prefs.FileSystemPreferences checkLockFile0ErrorCode
2025-10-22 16:16:25,171 [ERROR] LogOutputStream:75 - [STDERR_REDIRECT] WARNING: Could not lock System prefs. Unix error code 2.
2025-10-22 16:16:25,171 [ERROR] LogOutputStream:75 - [STDERR_REDIRECT] 
2025-10-22 16:16:25,172 [ERROR] LogOutputStream:75 - [STDERR_REDIRECT] Oct 22, 2025 4:16:25 PM java.util.prefs.FileSystemPreferences syncWorld
2025-10-22 16:16:25,174 [ERROR] LogOutputStream:75 - [STDERR_REDIRECT] WARNING: Couldn't flush system prefs: java.util.prefs.BackingStoreException: Couldn't get file lock.
2025-10-22 16:16:25,449 [ERROR] LogOutputStream:75 - [STDERR_REDIRECT] 
2025-10-22 16:16:54,467 [ERROR] LogOutputStream:75 - [STDERR_REDIRECT] Oct 22, 2025 4:16:54 PM java.util.prefs.FileSystemPreferences checkLockFile0ErrorCode
2025-10-22 16:16:54,468 [ERROR] LogOutputStream:75 - [STDERR_REDIRECT] WARNING: Could not lock System prefs. Unix error code 2.
2025-10-22 16:16:54,469 [ERROR] LogOutputStream:75 - [STDERR_REDIRECT] 
2025-10-22 16:16:54,470 [ERROR] LogOutputStream:75 - [STDERR_REDIRECT] Oct 22, 2025 4:16:54 PM java.util.prefs.FileSystemPreferences syncWorld
2025-10-22 16:16:54,480 [ERROR] LogOutputStream:75 - [STDERR_REDIRECT] WARNING: Couldn't flush system prefs: java.util.prefs.BackingStoreException: Couldn't get file lock.
2025-10-22 16:16:54,481 [ERROR] LogOutputStream:75 - [STDERR_REDIRECT] 
2025-10-22 16:17:24,567 [ERROR] LogOutputStream:75 - [STDERR_REDIRECT] Oct 22, 2025 4:17:24 PM java.util.prefs.FileSystemPreferences checkLockFile0ErrorCode
2025-10-22 16:17:24,623 [ERROR] LogOutputStream:75 - [STDERR_REDIRECT] WARNING: Could not lock System prefs. Unix error code 2.
2025-10-22 16:17:24,647 [ERROR] LogOutputStream:75 - [STDERR_REDIRECT] 
2025-10-22 16:17:24,649 [ERROR] LogOutputStream:75 - [STDERR_REDIRECT] Oct 22, 2025 4:17:24 PM java.util.prefs.FileSystemPreferences syncWorld
2025-10-22 16:17:24,650 [ERROR] LogOutputStream:75 - [STDERR_REDIRECT] WARNING: Couldn't flush system prefs: java.util.prefs.BackingStoreException: Couldn't get file lock.
2025-10-22 16:17:24,670 [ERROR] LogOutputStream:75 - [STDERR_REDIRECT] 
2025-10-22 16:17:54,531 [ERROR] LogOutputStream:75 - [STDERR_REDIRECT] Oct 22, 2025 4:17:54 PM java.util.prefs.FileSystemPreferences checkLockFile0ErrorCode
2025-10-22 16:17:54,532 [ERROR] LogOutputStream:75 - [STDERR_REDIRECT] WARNING: Could not lock System prefs. Unix error code 2.
2025-10-22 16:17:54,533 [ERROR] LogOutputStream:75 - [STDERR_REDIRECT] 
2025-10-22 16:17:54,618 [ERROR] LogOutputStream:75 - [STDERR_REDIRECT] Oct 22, 2025 4:17:54 PM java.util.prefs.FileSystemPreferences syncWorld
2025-10-22 16:17:54,619 [ERROR] LogOutputStream:75 - [STDERR_REDIRECT] WARNING: Couldn't flush system prefs: java.util.prefs.BackingStoreException: Couldn't get file lock.
2025-10-22 16:17:54,619 [ERROR] LogOutputStream:75 - [STDERR_REDIRECT] 
2025-10-22 16:18:24,498 [ERROR] LogOutputStream:75 - [STDERR_REDIRECT] Oct 22, 2025 4:18:24 PM java.util.prefs.FileSystemPreferences checkLockFile0ErrorCode
2025-10-22 16:18:24,499 [ERROR] LogOutputStream:75 - [STDERR_REDIRECT] WARNING: Could not lock System prefs. Unix error code 2.
2025-10-22 16:18:24,499 [ERROR] LogOutputStream:75 - [STDERR_REDIRECT] 
2025-10-22 16:18:24,500 [ERROR] LogOutputStream:75 - [STDERR_REDIRECT] Oct 22, 2025 4:18:24 PM java.util.prefs.FileSystemPreferences syncWorld
2025-10-22 16:18:24,501 [ERROR] LogOutputStream:75 - [STDERR_REDIRECT] WARNING: Couldn't flush system prefs: java.util.prefs.BackingStoreException: Couldn't get file lock.
2025-10-22 16:18:24,501 [ERROR] LogOutputStream:75 - [STDERR_REDIRECT] 
2025-10-22 16:18:54,494 [ERROR] LogOutputStream:75 - [STDERR_REDIRECT] Oct 22, 2025 4:18:54 PM java.util.prefs.FileSystemPreferences checkLockFile0ErrorCode
2025-10-22 16:18:54,498 [ERROR] LogOutputStream:75 - [STDERR_REDIRECT] WARNING: Could not lock System prefs. Unix error code 2.
2025-10-22 16:18:54,498 [ERROR] LogOutputStream:75 - [STDERR_REDIRECT] 
2025-10-22 16:18:54,501 [ERROR] LogOutputStream:75 - [STDERR_REDIRECT] Oct 22, 2025 4:18:54 PM java.util.prefs.FileSystemPreferences syncWorld
2025-10-22 16:18:54,501 [ERROR] LogOutputStream:75 - [STDERR_REDIRECT] WARNING: Couldn't flush system prefs: java.util.prefs.BackingStoreException: Couldn't get file lock.
2025-10-22 16:18:54,502 [ERROR] LogOutputStream:75 - [STDERR_REDIRECT] 
2025-10-22 16:19:24,488 [ERROR] LogOutputStream:75 - [STDERR_REDIRECT] Oct 22, 2025 4:19:24 PM java.util.prefs.FileSystemPreferences checkLockFile0ErrorCode
2025-10-22 16:19:24,488 [ERROR] LogOutputStream:75 - [STDERR_REDIRECT] WARNING: Could not lock System prefs. Unix error code 2.
2025-10-22 16:19:24,488 [ERROR] LogOutputStream:75 - [STDERR_REDIRECT] 
2025-10-22 16:19:24,496 [ERROR] LogOutputStream:75 - [STDERR_REDIRECT] Oct 22, 2025 4:19:24 PM java.util.prefs.FileSystemPreferences syncWorld
2025-10-22 16:19:24,505 [ERROR] LogOutputStream:75 - [STDERR_REDIRECT] WARNING: Couldn't flush system prefs: java.util.prefs.BackingStoreException: Couldn't get file lock.
2025-10-22 16:19:24,511 [ERROR] LogOutputStream:75 - [STDERR_REDIRECT] 
2025-10-22 16:19:54,508 [ERROR] LogOutputStream:75 - [STDERR_REDIRECT] Oct 22, 2025 4:19:54 PM java.util.prefs.FileSystemPreferences checkLockFile0ErrorCode
2025-10-22 16:19:54,509 [ERROR] LogOutputStream:75 - [STDERR_REDIRECT] WARNING: Could not lock System prefs. Unix error code 2.
2025-10-22 16:19:54,509 [ERROR] LogOutputStream:75 - [STDERR_REDIRECT] 
2025-10-22 16:19:54,510 [ERROR] LogOutputStream:75 - [STDERR_REDIRECT] Oct 22, 2025 4:19:54 PM java.util.prefs.FileSystemPreferences syncWorld
2025-10-22 16:19:54,510 [ERROR] LogOutputStream:75 - [STDERR_REDIRECT] WARNING: Couldn't flush system prefs: java.util.prefs.BackingStoreException: Couldn't get file lock.
2025-10-22 16:19:54,514 [ERROR] LogOutputStream:75 - [STDERR_REDIRECT] 
2025-10-22 16:20:24,515 [ERROR] LogOutputStream:75 - [STDERR_REDIRECT] Oct 22, 2025 4:20:24 PM java.util.prefs.FileSystemPreferences checkLockFile0ErrorCode
2025-10-22 16:20:24,516 [ERROR] LogOutputStream:75 - [STDERR_REDIRECT] WARNING: Could not lock System prefs. Unix error code 2.
2025-10-22 16:20:24,517 [ERROR] LogOutputStream:75 - [STDERR_REDIRECT] 
2025-10-22 16:20:24,518 [ERROR] LogOutputStream:75 - [STDERR_REDIRECT] Oct 22, 2025 4:20:24 PM java.util.prefs.FileSystemPreferences syncWorld
2025-10-22 16:20:24,518 [ERROR] LogOutputStream:75 - [STDERR_REDIRECT] WARNING: Couldn't flush system prefs: java.util.prefs.BackingStoreException: Couldn't get file lock.
2025-10-22 16:20:24,519 [ERROR] LogOutputStream:75 - [STDERR_REDIRECT] 
2025-10-22 16:20:54,686 [ERROR] LogOutputStream:75 - [STDERR_REDIRECT] Oct 22, 2025 4:20:54 PM java.util.prefs.FileSystemPreferences checkLockFile0ErrorCode
2025-10-22 16:20:54,686 [ERROR] LogOutputStream:75 - [STDERR_REDIRECT] WARNING: Could not lock System prefs. Unix error code 2.
2025-10-22 16:20:54,687 [ERROR] LogOutputStream:75 - [STDERR_REDIRECT] 
2025-10-22 16:20:54,689 [ERROR] LogOutputStream:75 - [STDERR_REDIRECT] Oct 22, 2025 4:20:54 PM java.util.prefs.FileSystemPreferences syncWorld
2025-10-22 16:20:54,689 [ERROR] LogOutputStream:75 - [STDERR_REDIRECT] WARNING: Couldn't flush system prefs: java.util.prefs.BackingStoreException: Couldn't get file lock.
2025-10-22 16:20:54,689 [ERROR] LogOutputStream:75 - [STDERR_REDIRECT] 
2025-10-22 16:20:59,395 [INFO] WebApp:194 - Connection lost
2025-10-22 16:21:05,747 [INFO] WebApp:191 - Connection restablished
2025-10-22 16:21:07,637 [INFO] WebApp:194 - Connection lost
2025-10-22 16:21:16,660 [INFO] WebApp:191 - Connection restablished
2025-10-22 16:21:24,693 [ERROR] LogOutputStream:75 - [STDERR_REDIRECT] Oct 22, 2025 4:21:24 PM java.util.prefs.FileSystemPreferences checkLockFile0ErrorCode
2025-10-22 16:21:24,694 [ERROR] LogOutputStream:75 - [STDERR_REDIRECT] WARNING: Could not lock System prefs. Unix error code 2.
2025-10-22 16:21:24,694 [ERROR] LogOutputStream:75 - [STDERR_REDIRECT] 
2025-10-22 16:21:24,716 [ERROR] LogOutputStream:75 - [STDERR_REDIRECT] Oct 22, 2025 4:21:24 PM java.util.prefs.FileSystemPreferences syncWorld
2025-10-22 16:21:24,717 [ERROR] LogOutputStream:75 - [STDERR_REDIRECT] WARNING: Couldn't flush system prefs: java.util.prefs.BackingStoreException: Couldn't get file lock.
2025-10-22 16:21:24,717 [ERROR] LogOutputStream:75 - [STDERR_REDIRECT] 
2025-10-22 16:21:54,785 [ERROR] LogOutputStream:75 - [STDERR_REDIRECT] Oct 22, 2025 4:21:54 PM java.util.prefs.FileSystemPreferences checkLockFile0ErrorCode
2025-10-22 16:21:54,806 [ERROR] LogOutputStream:75 - [STDERR_REDIRECT] WARNING: Could not lock System prefs. Unix error code 2.
2025-10-22 16:21:54,812 [ERROR] LogOutputStream:75 - [STDERR_REDIRECT] 
2025-10-22 16:21:54,814 [ERROR] LogOutputStream:75 - [STDERR_REDIRECT] Oct 22, 2025 4:21:54 PM java.util.prefs.FileSystemPreferences syncWorld
2025-10-22 16:21:54,814 [ERROR] LogOutputStream:75 - [STDERR_REDIRECT] WARNING: Couldn't flush system prefs: java.util.prefs.BackingStoreException: Couldn't get file lock.
2025-10-22 16:21:54,814 [ERROR] LogOutputStream:75 - [STDERR_REDIRECT] 
2025-10-22 16:21:57,357 [INFO] WebApp:194 - Connection lost
2025-10-22 16:22:10,321 [INFO] WebApp:191 - Connection restablished
2025-10-22 16:22:24,878 [ERROR] LogOutputStream:75 - [STDERR_REDIRECT] Oct 22, 2025 4:22:24 PM java.util.prefs.FileSystemPreferences checkLockFile0ErrorCode
2025-10-22 16:22:24,879 [ERROR] LogOutputStream:75 - [STDERR_REDIRECT] WARNING: Could not lock System prefs. Unix error code 2.
2025-10-22 16:22:24,879 [ERROR] LogOutputStream:75 - [STDERR_REDIRECT] 
2025-10-22 16:22:24,880 [ERROR] LogOutputStream:75 - [STDERR_REDIRECT] Oct 22, 2025 4:22:24 PM java.util.prefs.FileSystemPreferences syncWorld
2025-10-22 16:22:24,882 [ERROR] LogOutputStream:75 - [STDERR_REDIRECT] WARNING: Couldn't flush system prefs: java.util.prefs.BackingStoreException: Couldn't get file lock.
2025-10-22 16:22:24,882 [ERROR] LogOutputStream:75 - [STDERR_REDIRECT] 
2025-10-22 16:22:27,982 [INFO] WebApp:194 - Connection lost
2025-10-22 16:22:38,032 [INFO] WebApp:191 - Connection restablished
2025-10-22 16:22:54,992 [ERROR] LogOutputStream:75 - [STDERR_REDIRECT] Oct 22, 2025 4:22:54 PM java.util.prefs.FileSystemPreferences checkLockFile0ErrorCode
2025-10-22 16:22:54,993 [ERROR] LogOutputStream:75 - [STDERR_REDIRECT] WARNING: Could not lock System prefs. Unix error code 2.
2025-10-22 16:22:54,994 [ERROR] LogOutputStream:75 - [STDERR_REDIRECT] 
2025-10-22 16:22:55,009 [ERROR] LogOutputStream:75 - [STDERR_REDIRECT] Oct 22, 2025 4:22:55 PM java.util.prefs.FileSystemPreferences syncWorld
2025-10-22 16:22:55,025 [ERROR] LogOutputStream:75 - [STDERR_REDIRECT] WARNING: Couldn't flush system prefs: java.util.prefs.BackingStoreException: Couldn't get file lock.
2025-10-22 16:22:55,025 [ERROR] LogOutputStream:75 - [STDERR_REDIRECT] 
2025-10-22 16:23:05,935 [INFO] WebApp:194 - Connection lost
2025-10-22 16:23:16,418 [INFO] WebApp:191 - Connection restablished
2025-10-22 16:23:25,101 [ERROR] LogOutputStream:75 - [STDERR_REDIRECT] Oct 22, 2025 4:23:25 PM java.util.prefs.FileSystemPreferences checkLockFile0ErrorCode
2025-10-22 16:23:25,102 [ERROR] LogOutputStream:75 - [STDERR_REDIRECT] WARNING: Could not lock System prefs. Unix error code 2.
2025-10-22 16:23:25,102 [ERROR] LogOutputStream:75 - [STDERR_REDIRECT] 
2025-10-22 16:23:25,103 [ERROR] LogOutputStream:75 - [STDERR_REDIRECT] Oct 22, 2025 4:23:25 PM java.util.prefs.FileSystemPreferences syncWorld
2025-10-22 16:23:25,104 [ERROR] LogOutputStream:75 - [STDERR_REDIRECT] WARNING: Couldn't flush system prefs: java.util.prefs.BackingStoreException: Couldn't get file lock.
2025-10-22 16:23:25,104 [ERROR] LogOutputStream:75 - [STDERR_REDIRECT] 
2025-10-22 16:23:29,348 [INFO] WebApp:194 - Connection lost
2025-10-22 16:23:38,195 [INFO] WebApp:191 - Connection restablished
2025-10-22 16:23:55,373 [ERROR] LogOutputStream:75 - [STDERR_REDIRECT] Oct 22, 2025 4:23:55 PM java.util.prefs.FileSystemPreferences checkLockFile0ErrorCode
2025-10-22 16:23:55,381 [ERROR] LogOutputStream:75 - [STDERR_REDIRECT] WARNING: Could not lock System prefs. Unix error code 2.
2025-10-22 16:23:55,382 [ERROR] LogOutputStream:75 - [STDERR_REDIRECT] 
2025-10-22 16:23:55,383 [ERROR] LogOutputStream:75 - [STDERR_REDIRECT] Oct 22, 2025 4:23:55 PM java.util.prefs.FileSystemPreferences syncWorld
2025-10-22 16:23:55,383 [ERROR] LogOutputStream:75 - [STDERR_REDIRECT] WARNING: Couldn't flush system prefs: java.util.prefs.BackingStoreException: Couldn't get file lock.
2025-10-22 16:23:55,383 [ERROR] LogOutputStream:75 - [STDERR_REDIRECT] 
2025-10-22 16:24:20,414 [INFO] WebApp:194 - Connection lost
2025-10-22 16:24:24,955 [ERROR] LogOutputStream:75 - [STDERR_REDIRECT] Oct 22, 2025 4:24:24 PM java.util.prefs.FileSystemPreferences checkLockFile0ErrorCode
2025-10-22 16:24:24,956 [ERROR] LogOutputStream:75 - [STDERR_REDIRECT] WARNING: Could not lock System prefs. Unix error code 2.
2025-10-22 16:24:24,976 [ERROR] LogOutputStream:75 - [STDERR_REDIRECT] 
2025-10-22 16:24:24,991 [ERROR] LogOutputStream:75 - [STDERR_REDIRECT] Oct 22, 2025 4:24:24 PM java.util.prefs.FileSystemPreferences syncWorld
2025-10-22 16:24:25,010 [ERROR] LogOutputStream:75 - [STDERR_REDIRECT] WARNING: Couldn't flush system prefs: java.util.prefs.BackingStoreException: Couldn't get file lock.
2025-10-22 16:24:25,010 [ERROR] LogOutputStream:75 - [STDERR_REDIRECT] 
2025-10-22 16:24:33,562 [INFO] WebApp:191 - Connection restablished
2025-10-22 16:24:42,359 [INFO] WebApp:194 - Connection lost
2025-10-22 16:24:52,524 [INFO] WebApp:191 - Connection restablished
2025-10-22 16:24:55,367 [ERROR] LogOutputStream:75 - [STDERR_REDIRECT] Oct 22, 2025 4:24:55 PM java.util.prefs.FileSystemPreferences checkLockFile0ErrorCode
2025-10-22 16:24:55,368 [ERROR] LogOutputStream:75 - [STDERR_REDIRECT] WARNING: Could not lock System prefs. Unix error code 2.
2025-10-22 16:24:55,368 [ERROR] LogOutputStream:75 - [STDERR_REDIRECT] 
2025-10-22 16:24:55,369 [ERROR] LogOutputStream:75 - [STDERR_REDIRECT] Oct 22, 2025 4:24:55 PM java.util.prefs.FileSystemPreferences syncWorld
2025-10-22 16:24:55,370 [ERROR] LogOutputStream:75 - [STDERR_REDIRECT] WARNING: Couldn't flush system prefs: java.util.prefs.BackingStoreException: Couldn't get file lock.
2025-10-22 16:24:55,370 [ERROR] LogOutputStream:75 - [STDERR_REDIRECT] 
2025-10-22 16:25:25,000 [ERROR] LogOutputStream:75 - [STDERR_REDIRECT] Oct 22, 2025 4:25:24 PM java.util.prefs.FileSystemPreferences checkLockFile0ErrorCode
2025-10-22 16:25:25,049 [ERROR] LogOutputStream:75 - [STDERR_REDIRECT] WARNING: Could not lock System prefs. Unix error code 2.
2025-10-22 16:25:25,050 [ERROR] LogOutputStream:75 - [STDERR_REDIRECT] 
2025-10-22 16:25:25,073 [ERROR] LogOutputStream:75 - [STDERR_REDIRECT] Oct 22, 2025 4:25:25 PM java.util.prefs.FileSystemPreferences syncWorld
2025-10-22 16:25:25,074 [ERROR] LogOutputStream:75 - [STDERR_REDIRECT] WARNING: Couldn't flush system prefs: java.util.prefs.BackingStoreException: Couldn't get file lock.
2025-10-22 16:25:25,074 [ERROR] LogOutputStream:75 - [STDERR_REDIRECT] 
2025-10-22 16:25:25,335 [INFO] WebApp:194 - Connection lost
2025-10-22 16:25:30,072 [INFO] WebApp:191 - Connection restablished
2025-10-22 16:25:56,419 [ERROR] LogOutputStream:75 - [STDERR_REDIRECT] Oct 22, 2025 4:25:56 PM java.util.prefs.FileSystemPreferences checkLockFile0ErrorCode
2025-10-22 16:25:56,420 [ERROR] LogOutputStream:75 - [STDERR_REDIRECT] WARNING: Could not lock System prefs. Unix error code 2.
2025-10-22 16:25:56,420 [ERROR] LogOutputStream:75 - [STDERR_REDIRECT] 
2025-10-22 16:25:56,467 [ERROR] LogOutputStream:75 - [STDERR_REDIRECT] Oct 22, 2025 4:25:56 PM java.util.prefs.FileSystemPreferences syncWorld
2025-10-22 16:25:56,468 [ERROR] LogOutputStream:75 - [STDERR_REDIRECT] WARNING: Couldn't flush system prefs: java.util.prefs.BackingStoreException: Couldn't get file lock.
2025-10-22 16:25:56,468 [ERROR] LogOutputStream:75 - [STDERR_REDIRECT] 
2025-10-22 16:26:24,922 [ERROR] LogOutputStream:75 - [STDERR_REDIRECT] Oct 22, 2025 4:26:24 PM java.util.prefs.FileSystemPreferences checkLockFile0ErrorCode
2025-10-22 16:26:24,922 [ERROR] LogOutputStream:75 - [STDERR_REDIRECT] WARNING: Could not lock System prefs. Unix error code 2.
2025-10-22 16:26:24,922 [ERROR] LogOutputStream:75 - [STDERR_REDIRECT] 
2025-10-22 16:26:24,926 [ERROR] LogOutputStream:75 - [STDERR_REDIRECT] Oct 22, 2025 4:26:24 PM java.util.prefs.FileSystemPreferences syncWorld
2025-10-22 16:26:24,927 [ERROR] LogOutputStream:75 - [STDERR_REDIRECT] WARNING: Couldn't flush system prefs: java.util.prefs.BackingStoreException: Couldn't get file lock.
2025-10-22 16:26:24,927 [ERROR] LogOutputStream:75 - [STDERR_REDIRECT] 
2025-10-22 16:26:55,627 [ERROR] LogOutputStream:75 - [STDERR_REDIRECT] Oct 22, 2025 4:26:55 PM java.util.prefs.FileSystemPreferences checkLockFile0ErrorCode
2025-10-22 16:26:55,627 [ERROR] LogOutputStream:75 - [STDERR_REDIRECT] WARNING: Could not lock System prefs. Unix error code 2.
2025-10-22 16:26:55,627 [ERROR] LogOutputStream:75 - [STDERR_REDIRECT] 
2025-10-22 16:26:55,631 [ERROR] LogOutputStream:75 - [STDERR_REDIRECT] Oct 22, 2025 4:26:55 PM java.util.prefs.FileSystemPreferences syncWorld
2025-10-22 16:26:55,632 [ERROR] LogOutputStream:75 - [STDERR_REDIRECT] WARNING: Couldn't flush system prefs: java.util.prefs.BackingStoreException: Couldn't get file lock.
2025-10-22 16:26:55,632 [ERROR] LogOutputStream:75 - [STDERR_REDIRECT] 
2025-10-22 16:27:24,999 [ERROR] LogOutputStream:75 - [STDERR_REDIRECT] Oct 22, 2025 4:27:24 PM java.util.prefs.FileSystemPreferences checkLockFile0ErrorCode
2025-10-22 16:27:25,025 [ERROR] LogOutputStream:75 - [STDERR_REDIRECT] WARNING: Could not lock System prefs. Unix error code 2.
2025-10-22 16:27:25,026 [ERROR] LogOutputStream:75 - [STDERR_REDIRECT] 
2025-10-22 16:27:25,027 [ERROR] LogOutputStream:75 - [STDERR_REDIRECT] Oct 22, 2025 4:27:25 PM java.util.prefs.FileSystemPreferences syncWorld
2025-10-22 16:27:25,027 [ERROR] LogOutputStream:75 - [STDERR_REDIRECT] WARNING: Couldn't flush system prefs: java.util.prefs.BackingStoreException: Couldn't get file lock.
2025-10-22 16:27:25,027 [ERROR] LogOutputStream:75 - [STDERR_REDIRECT] 
2025-10-22 16:27:54,938 [ERROR] LogOutputStream:75 - [STDERR_REDIRECT] Oct 22, 2025 4:27:54 PM java.util.prefs.FileSystemPreferences checkLockFile0ErrorCode
2025-10-22 16:27:54,939 [ERROR] LogOutputStream:75 - [STDERR_REDIRECT] WARNING: Could not lock System prefs. Unix error code 2.
2025-10-22 16:27:54,939 [ERROR] LogOutputStream:75 - [STDERR_REDIRECT] 
2025-10-22 16:27:54,940 [ERROR] LogOutputStream:75 - [STDERR_REDIRECT] Oct 22, 2025 4:27:54 PM java.util.prefs.FileSystemPreferences syncWorld
2025-10-22 16:27:54,942 [ERROR] LogOutputStream:75 - [STDERR_REDIRECT] WARNING: Couldn't flush system prefs: java.util.prefs.BackingStoreException: Couldn't get file lock.
2025-10-22 16:27:54,942 [ERROR] LogOutputStream:75 - [STDERR_REDIRECT] 
2025-10-22 16:28:24,974 [ERROR] LogOutputStream:75 - [STDERR_REDIRECT] Oct 22, 2025 4:28:24 PM java.util.prefs.FileSystemPreferences checkLockFile0ErrorCode
2025-10-22 16:28:24,977 [ERROR] LogOutputStream:75 - [STDERR_REDIRECT] WARNING: Could not lock System prefs. Unix error code 2.
2025-10-22 16:28:24,978 [ERROR] LogOutputStream:75 - [STDERR_REDIRECT] 
2025-10-22 16:28:24,978 [ERROR] LogOutputStream:75 - [STDERR_REDIRECT] Oct 22, 2025 4:28:24 PM java.util.prefs.FileSystemPreferences syncWorld
2025-10-22 16:28:24,979 [ERROR] LogOutputStream:75 - [STDERR_REDIRECT] WARNING: Couldn't flush system prefs: java.util.prefs.BackingStoreException: Couldn't get file lock.
2025-10-22 16:28:24,979 [ERROR] LogOutputStream:75 - [STDERR_REDIRECT] 
2025-10-22 16:29:07,415 [ERROR] LogOutputStream:75 - [STDERR_REDIRECT] Oct 22, 2025 4:29:07 PM java.util.prefs.FileSystemPreferences checkLockFile0ErrorCode
2025-10-22 16:29:07,504 [ERROR] LogOutputStream:75 - [STDERR_REDIRECT] WARNING: Could not lock System prefs. Unix error code 2.
2025-10-22 16:29:07,505 [ERROR] LogOutputStream:75 - [STDERR_REDIRECT] 
2025-10-22 16:29:07,563 [ERROR] LogOutputStream:75 - [STDERR_REDIRECT] Oct 22, 2025 4:29:07 PM java.util.prefs.FileSystemPreferences syncWorld
2025-10-22 16:29:07,563 [ERROR] LogOutputStream:75 - [STDERR_REDIRECT] WARNING: Couldn't flush system prefs: java.util.prefs.BackingStoreException: Couldn't get file lock.
2025-10-22 16:29:07,563 [ERROR] LogOutputStream:75 - [STDERR_REDIRECT] 
2025-10-22 16:29:35,796 [ERROR] LogOutputStream:75 - [STDERR_REDIRECT] Oct 22, 2025 4:29:35 PM java.util.prefs.FileSystemPreferences checkLockFile0ErrorCode
2025-10-22 16:29:35,797 [ERROR] LogOutputStream:75 - [STDERR_REDIRECT] WARNING: Could not lock System prefs. Unix error code 2.
2025-10-22 16:29:35,803 [ERROR] LogOutputStream:75 - [STDERR_REDIRECT] 
2025-10-22 16:29:35,808 [ERROR] LogOutputStream:75 - [STDERR_REDIRECT] Oct 22, 2025 4:29:35 PM java.util.prefs.FileSystemPreferences syncWorld
2025-10-22 16:29:35,809 [ERROR] LogOutputStream:75 - [STDERR_REDIRECT] WARNING: Couldn't flush system prefs: java.util.prefs.BackingStoreException: Couldn't get file lock.
2025-10-22 16:29:35,810 [ERROR] LogOutputStream:75 - [STDERR_REDIRECT] 
2025-10-22 16:30:06,027 [ERROR] LogOutputStream:75 - [STDERR_REDIRECT] Oct 22, 2025 4:30:05 PM java.util.prefs.FileSystemPreferences checkLockFile0ErrorCode
2025-10-22 16:30:06,028 [ERROR] LogOutputStream:75 - [STDERR_REDIRECT] WARNING: Could not lock System prefs. Unix error code 2.
2025-10-22 16:30:06,028 [ERROR] LogOutputStream:75 - [STDERR_REDIRECT] 
2025-10-22 16:30:06,123 [ERROR] LogOutputStream:75 - [STDERR_REDIRECT] Oct 22, 2025 4:30:06 PM java.util.prefs.FileSystemPreferences syncWorld
2025-10-22 16:30:06,124 [ERROR] LogOutputStream:75 - [STDERR_REDIRECT] WARNING: Couldn't flush system prefs: java.util.prefs.BackingStoreException: Couldn't get file lock.
2025-10-22 16:30:06,150 [ERROR] LogOutputStream:75 - [STDERR_REDIRECT] 
2025-10-22 16:30:23,718 [INFO] WebApp:194 - Connection lost
2025-10-22 16:30:30,017 [INFO] WebApp:191 - Connection restablished
2025-10-22 16:30:36,016 [ERROR] LogOutputStream:75 - [STDERR_REDIRECT] Oct 22, 2025 4:30:35 PM java.util.prefs.FileSystemPreferences checkLockFile0ErrorCode
2025-10-22 16:30:36,017 [ERROR] LogOutputStream:75 - [STDERR_REDIRECT] WARNING: Could not lock System prefs. Unix error code 2.
2025-10-22 16:30:36,018 [ERROR] LogOutputStream:75 - [STDERR_REDIRECT] 
2025-10-22 16:30:36,019 [ERROR] LogOutputStream:75 - [STDERR_REDIRECT] Oct 22, 2025 4:30:36 PM java.util.prefs.FileSystemPreferences syncWorld
2025-10-22 16:30:36,019 [ERROR] LogOutputStream:75 - [STDERR_REDIRECT] WARNING: Couldn't flush system prefs: java.util.prefs.BackingStoreException: Couldn't get file lock.
2025-10-22 16:30:36,019 [ERROR] LogOutputStream:75 - [STDERR_REDIRECT] 
2025-10-22 16:31:06,134 [ERROR] LogOutputStream:75 - [STDERR_REDIRECT] Oct 22, 2025 4:31:06 PM java.util.prefs.FileSystemPreferences checkLockFile0ErrorCode
2025-10-22 16:31:06,136 [ERROR] LogOutputStream:75 - [STDERR_REDIRECT] WARNING: Could not lock System prefs. Unix error code 2.
2025-10-22 16:31:06,137 [ERROR] LogOutputStream:75 - [STDERR_REDIRECT] 
2025-10-22 16:31:06,138 [ERROR] LogOutputStream:75 - [STDERR_REDIRECT] Oct 22, 2025 4:31:06 PM java.util.prefs.FileSystemPreferences syncWorld
2025-10-22 16:31:06,138 [ERROR] LogOutputStream:75 - [STDERR_REDIRECT] WARNING: Couldn't flush system prefs: java.util.prefs.BackingStoreException: Couldn't get file lock.
2025-10-22 16:31:06,138 [ERROR] LogOutputStream:75 - [STDERR_REDIRECT] 
2025-10-22 16:31:14,741 [INFO] WebApp:194 - Connection lost
2025-10-22 16:31:20,914 [INFO] WebApp:191 - Connection restablished
2025-10-22 16:31:27,080 [INFO] WebApp:194 - Connection lost
2025-10-22 16:31:33,375 [INFO] WebApp:191 - Connection restablished
2025-10-22 16:31:36,013 [ERROR] LogOutputStream:75 - [STDERR_REDIRECT] Oct 22, 2025 4:31:36 PM java.util.prefs.FileSystemPreferences checkLockFile0ErrorCode
2025-10-22 16:31:36,014 [ERROR] LogOutputStream:75 - [STDERR_REDIRECT] WARNING: Could not lock System prefs. Unix error code 2.
2025-10-22 16:31:36,014 [ERROR] LogOutputStream:75 - [STDERR_REDIRECT] 
2025-10-22 16:31:36,123 [ERROR] LogOutputStream:75 - [STDERR_REDIRECT] Oct 22, 2025 4:31:36 PM java.util.prefs.FileSystemPreferences syncWorld
2025-10-22 16:31:36,123 [ERROR] LogOutputStream:75 - [STDERR_REDIRECT] WARNING: Couldn't flush system prefs: java.util.prefs.BackingStoreException: Couldn't get file lock.
2025-10-22 16:31:36,123 [ERROR] LogOutputStream:75 - [STDERR_REDIRECT] 
2025-10-22 16:31:38,625 [INFO] WebApp:194 - Connection lost
2025-10-22 16:31:48,246 [INFO] WebApp:191 - Connection restablished
2025-10-22 16:32:06,219 [ERROR] LogOutputStream:75 - [STDERR_REDIRECT] Oct 22, 2025 4:32:06 PM java.util.prefs.FileSystemPreferences checkLockFile0ErrorCode
2025-10-22 16:32:06,220 [ERROR] LogOutputStream:75 - [STDERR_REDIRECT] WARNING: Could not lock System prefs. Unix error code 2.
2025-10-22 16:32:06,220 [ERROR] LogOutputStream:75 - [STDERR_REDIRECT] 
2025-10-22 16:32:06,221 [ERROR] LogOutputStream:75 - [STDERR_REDIRECT] Oct 22, 2025 4:32:06 PM java.util.prefs.FileSystemPreferences syncWorld
2025-10-22 16:32:06,221 [ERROR] LogOutputStream:75 - [STDERR_REDIRECT] WARNING: Couldn't flush system prefs: java.util.prefs.BackingStoreException: Couldn't get file lock.
2025-10-22 16:32:06,246 [ERROR] LogOutputStream:75 - [STDERR_REDIRECT] 
2025-10-22 16:32:33,442 [INFO] WebApp:194 - Connection lost
2025-10-22 16:32:36,284 [ERROR] LogOutputStream:75 - [STDERR_REDIRECT] Oct 22, 2025 4:32:36 PM java.util.prefs.FileSystemPreferences checkLockFile0ErrorCode
2025-10-22 16:32:36,285 [ERROR] LogOutputStream:75 - [STDERR_REDIRECT] WARNING: Could not lock System prefs. Unix error code 2.
2025-10-22 16:32:36,285 [ERROR] LogOutputStream:75 - [STDERR_REDIRECT] 
2025-10-22 16:32:36,286 [ERROR] LogOutputStream:75 - [STDERR_REDIRECT] Oct 22, 2025 4:32:36 PM java.util.prefs.FileSystemPreferences syncWorld
2025-10-22 16:32:36,286 [ERROR] LogOutputStream:75 - [STDERR_REDIRECT] WARNING: Couldn't flush system prefs: java.util.prefs.BackingStoreException: Couldn't get file lock.
2025-10-22 16:32:36,286 [ERROR] LogOutputStream:75 - [STDERR_REDIRECT] 
2025-10-22 16:32:38,112 [INFO] WebApp:191 - Connection restablished
2025-10-22 16:32:50,517 [INFO] WebApp:194 - Connection lost
2025-10-22 16:32:59,330 [INFO] WebApp:191 - Connection restablished
2025-10-22 16:33:06,507 [ERROR] LogOutputStream:75 - [STDERR_REDIRECT] Oct 22, 2025 4:33:06 PM java.util.prefs.FileSystemPreferences checkLockFile0ErrorCode
2025-10-22 16:33:06,569 [ERROR] LogOutputStream:75 - [STDERR_REDIRECT] WARNING: Could not lock System prefs. Unix error code 2.
2025-10-22 16:33:06,657 [ERROR] LogOutputStream:75 - [STDERR_REDIRECT] 
2025-10-22 16:33:06,750 [ERROR] LogOutputStream:75 - [STDERR_REDIRECT] Oct 22, 2025 4:33:06 PM java.util.prefs.FileSystemPreferences syncWorld
2025-10-22 16:33:06,751 [ERROR] LogOutputStream:75 - [STDERR_REDIRECT] WARNING: Couldn't flush system prefs: java.util.prefs.BackingStoreException: Couldn't get file lock.
2025-10-22 16:33:06,751 [ERROR] LogOutputStream:75 - [STDERR_REDIRECT] 
2025-10-22 16:33:36,997 [ERROR] LogOutputStream:75 - [STDERR_REDIRECT] Oct 22, 2025 4:33:36 PM java.util.prefs.FileSystemPreferences checkLockFile0ErrorCode
2025-10-22 16:33:37,015 [ERROR] LogOutputStream:75 - [STDERR_REDIRECT] WARNING: Could not lock System prefs. Unix error code 2.
2025-10-22 16:33:37,015 [ERROR] LogOutputStream:75 - [STDERR_REDIRECT] 
2025-10-22 16:33:37,015 [ERROR] LogOutputStream:75 - [STDERR_REDIRECT] Oct 22, 2025 4:33:37 PM java.util.prefs.FileSystemPreferences syncWorld
2025-10-22 16:33:37,015 [ERROR] LogOutputStream:75 - [STDERR_REDIRECT] WARNING: Couldn't flush system prefs: java.util.prefs.BackingStoreException: Couldn't get file lock.
2025-10-22 16:33:37,015 [ERROR] LogOutputStream:75 - [STDERR_REDIRECT] 
2025-10-22 16:33:48,816 [INFO] WebApp:194 - Connection lost
2025-10-22 16:33:54,439 [INFO] WebApp:191 - Connection restablished
2025-10-22 16:34:06,410 [ERROR] LogOutputStream:75 - [STDERR_REDIRECT] Oct 22, 2025 4:34:06 PM java.util.prefs.FileSystemPreferences checkLockFile0ErrorCode
2025-10-22 16:34:06,411 [ERROR] LogOutputStream:75 - [STDERR_REDIRECT] WARNING: Could not lock System prefs. Unix error code 2.
2025-10-22 16:34:06,412 [ERROR] LogOutputStream:75 - [STDERR_REDIRECT] 
2025-10-22 16:34:06,413 [ERROR] LogOutputStream:75 - [STDERR_REDIRECT] Oct 22, 2025 4:34:06 PM java.util.prefs.FileSystemPreferences syncWorld
2025-10-22 16:34:06,413 [ERROR] LogOutputStream:75 - [STDERR_REDIRECT] WARNING: Couldn't flush system prefs: java.util.prefs.BackingStoreException: Couldn't get file lock.
2025-10-22 16:34:06,413 [ERROR] LogOutputStream:75 - [STDERR_REDIRECT] 
2025-10-22 16:34:10,851 [INFO] WebApp:194 - Connection lost
2025-10-22 16:34:33,546 [INFO] WebApp:191 - Connection restablished
2025-10-22 16:34:37,397 [ERROR] LogOutputStream:75 - [STDERR_REDIRECT] Oct 22, 2025 4:34:37 PM java.util.prefs.FileSystemPreferences checkLockFile0ErrorCode
2025-10-22 16:34:37,398 [ERROR] LogOutputStream:75 - [STDERR_REDIRECT] WARNING: Could not lock System prefs. Unix error code 2.
2025-10-22 16:34:37,398 [ERROR] LogOutputStream:75 - [STDERR_REDIRECT] 
2025-10-22 16:34:37,399 [ERROR] LogOutputStream:75 - [STDERR_REDIRECT] Oct 22, 2025 4:34:37 PM java.util.prefs.FileSystemPreferences syncWorld
2025-10-22 16:34:37,399 [ERROR] LogOutputStream:75 - [STDERR_REDIRECT] WARNING: Couldn't flush system prefs: java.util.prefs.BackingStoreException: Couldn't get file lock.
2025-10-22 16:34:37,399 [ERROR] LogOutputStream:75 - [STDERR_REDIRECT] 
2025-10-22 16:34:54,909 [INFO] WebApp:194 - Connection lost
2025-10-22 16:35:03,820 [INFO] WebApp:191 - Connection restablished
2025-10-22 16:35:07,309 [ERROR] LogOutputStream:75 - [STDERR_REDIRECT] Oct 22, 2025 4:35:07 PM java.util.prefs.FileSystemPreferences checkLockFile0ErrorCode
2025-10-22 16:35:07,314 [ERROR] LogOutputStream:75 - [STDERR_REDIRECT] WARNING: Could not lock System prefs. Unix error code 2.
2025-10-22 16:35:07,314 [ERROR] LogOutputStream:75 - [STDERR_REDIRECT] 
2025-10-22 16:35:07,315 [ERROR] LogOutputStream:75 - [STDERR_REDIRECT] Oct 22, 2025 4:35:07 PM java.util.prefs.FileSystemPreferences syncWorld
2025-10-22 16:35:07,315 [ERROR] LogOutputStream:75 - [STDERR_REDIRECT] WARNING: Couldn't flush system prefs: java.util.prefs.BackingStoreException: Couldn't get file lock.
2025-10-22 16:35:07,315 [ERROR] LogOutputStream:75 - [STDERR_REDIRECT] 
2025-10-22 16:35:37,151 [ERROR] LogOutputStream:75 - [STDERR_REDIRECT] Oct 22, 2025 4:35:37 PM java.util.prefs.FileSystemPreferences checkLockFile0ErrorCode
2025-10-22 16:35:37,152 [ERROR] LogOutputStream:75 - [STDERR_REDIRECT] WARNING: Could not lock System prefs. Unix error code 2.
2025-10-22 16:35:37,152 [ERROR] LogOutputStream:75 - [STDERR_REDIRECT] 
2025-10-22 16:35:37,251 [ERROR] LogOutputStream:75 - [STDERR_REDIRECT] Oct 22, 2025 4:35:37 PM java.util.prefs.FileSystemPreferences syncWorld
2025-10-22 16:35:37,253 [ERROR] LogOutputStream:75 - [STDERR_REDIRECT] WARNING: Couldn't flush system prefs: java.util.prefs.BackingStoreException: Couldn't get file lock.
2025-10-22 16:35:37,253 [ERROR] LogOutputStream:75 - [STDERR_REDIRECT] 
2025-10-22 16:36:07,069 [ERROR] LogOutputStream:75 - [STDERR_REDIRECT] Oct 22, 2025 4:36:07 PM java.util.prefs.FileSystemPreferences checkLockFile0ErrorCode
2025-10-22 16:36:07,069 [ERROR] LogOutputStream:75 - [STDERR_REDIRECT] WARNING: Could not lock System prefs. Unix error code 2.
2025-10-22 16:36:07,070 [ERROR] LogOutputStream:75 - [STDERR_REDIRECT] 
2025-10-22 16:36:07,073 [ERROR] LogOutputStream:75 - [STDERR_REDIRECT] Oct 22, 2025 4:36:07 PM java.util.prefs.FileSystemPreferences syncWorld
2025-10-22 16:36:07,074 [ERROR] LogOutputStream:75 - [STDERR_REDIRECT] WARNING: Couldn't flush system prefs: java.util.prefs.BackingStoreException: Couldn't get file lock.
2025-10-22 16:36:07,075 [ERROR] LogOutputStream:75 - [STDERR_REDIRECT] 
2025-10-22 16:36:37,058 [ERROR] LogOutputStream:75 - [STDERR_REDIRECT] Oct 22, 2025 4:36:37 PM java.util.prefs.FileSystemPreferences checkLockFile0ErrorCode
2025-10-22 16:36:37,058 [ERROR] LogOutputStream:75 - [STDERR_REDIRECT] WARNING: Could not lock System prefs. Unix error code 2.
2025-10-22 16:36:37,058 [ERROR] LogOutputStream:75 - [STDERR_REDIRECT] 
2025-10-22 16:36:37,059 [ERROR] LogOutputStream:75 - [STDERR_REDIRECT] Oct 22, 2025 4:36:37 PM java.util.prefs.FileSystemPreferences syncWorld
2025-10-22 16:36:37,059 [ERROR] LogOutputStream:75 - [STDERR_REDIRECT] WARNING: Couldn't flush system prefs: java.util.prefs.BackingStoreException: Couldn't get file lock.
2025-10-22 16:36:37,060 [ERROR] LogOutputStream:75 - [STDERR_REDIRECT] 
2025-10-22 16:37:07,055 [ERROR] LogOutputStream:75 - [STDERR_REDIRECT] Oct 22, 2025 4:37:07 PM java.util.prefs.FileSystemPreferences checkLockFile0ErrorCode
2025-10-22 16:37:07,056 [ERROR] LogOutputStream:75 - [STDERR_REDIRECT] WARNING: Could not lock System prefs. Unix error code 2.
2025-10-22 16:37:07,057 [ERROR] LogOutputStream:75 - [STDERR_REDIRECT] 
2025-10-22 16:37:07,057 [ERROR] LogOutputStream:75 - [STDERR_REDIRECT] Oct 22, 2025 4:37:07 PM java.util.prefs.FileSystemPreferences syncWorld
2025-10-22 16:37:07,057 [ERROR] LogOutputStream:75 - [STDERR_REDIRECT] WARNING: Couldn't flush system prefs: java.util.prefs.BackingStoreException: Couldn't get file lock.
2025-10-22 16:37:07,057 [ERROR] LogOutputStream:75 - [STDERR_REDIRECT] 
2025-10-22 16:37:37,078 [ERROR] LogOutputStream:75 - [STDERR_REDIRECT] Oct 22, 2025 4:37:37 PM java.util.prefs.FileSystemPreferences checkLockFile0ErrorCode
2025-10-22 16:37:37,079 [ERROR] LogOutputStream:75 - [STDERR_REDIRECT] WARNING: Could not lock System prefs. Unix error code 2.
2025-10-22 16:37:37,079 [ERROR] LogOutputStream:75 - [STDERR_REDIRECT] 
2025-10-22 16:37:37,079 [ERROR] LogOutputStream:75 - [STDERR_REDIRECT] Oct 22, 2025 4:37:37 PM java.util.prefs.FileSystemPreferences syncWorld
2025-10-22 16:37:37,080 [ERROR] LogOutputStream:75 - [STDERR_REDIRECT] WARNING: Couldn't flush system prefs: java.util.prefs.BackingStoreException: Couldn't get file lock.
2025-10-22 16:37:37,080 [ERROR] LogOutputStream:75 - [STDERR_REDIRECT] 
2025-10-22 16:38:07,059 [ERROR] LogOutputStream:75 - [STDERR_REDIRECT] Oct 22, 2025 4:38:07 PM java.util.prefs.FileSystemPreferences checkLockFile0ErrorCode
2025-10-22 16:38:07,059 [ERROR] LogOutputStream:75 - [STDERR_REDIRECT] WARNING: Could not lock System prefs. Unix error code 2.
2025-10-22 16:38:07,060 [ERROR] LogOutputStream:75 - [STDERR_REDIRECT] 
2025-10-22 16:38:07,060 [ERROR] LogOutputStream:75 - [STDERR_REDIRECT] Oct 22, 2025 4:38:07 PM java.util.prefs.FileSystemPreferences syncWorld
2025-10-22 16:38:07,061 [ERROR] LogOutputStream:75 - [STDERR_REDIRECT] WARNING: Couldn't flush system prefs: java.util.prefs.BackingStoreException: Couldn't get file lock.
2025-10-22 16:38:07,061 [ERROR] LogOutputStream:75 - [STDERR_REDIRECT] 
2025-10-22 16:38:37,095 [ERROR] LogOutputStream:75 - [STDERR_REDIRECT] Oct 22, 2025 4:38:37 PM java.util.prefs.FileSystemPreferences checkLockFile0ErrorCode
2025-10-22 16:38:37,096 [ERROR] LogOutputStream:75 - [STDERR_REDIRECT] WARNING: Could not lock System prefs. Unix error code 2.
2025-10-22 16:38:37,096 [ERROR] LogOutputStream:75 - [STDERR_REDIRECT] 
2025-10-22 16:38:37,097 [ERROR] LogOutputStream:75 - [STDERR_REDIRECT] Oct 22, 2025 4:38:37 PM java.util.prefs.FileSystemPreferences syncWorld
2025-10-22 16:38:37,099 [ERROR] LogOutputStream:75 - [STDERR_REDIRECT] WARNING: Couldn't flush system prefs: java.util.prefs.BackingStoreException: Couldn't get file lock.
2025-10-22 16:38:37,099 [ERROR] LogOutputStream:75 - [STDERR_REDIRECT] 
2025-10-22 16:39:07,069 [ERROR] LogOutputStream:75 - [STDERR_REDIRECT] Oct 22, 2025 4:39:07 PM java.util.prefs.FileSystemPreferences checkLockFile0ErrorCode
2025-10-22 16:39:07,069 [ERROR] LogOutputStream:75 - [STDERR_REDIRECT] WARNING: Could not lock System prefs. Unix error code 2.
2025-10-22 16:39:07,069 [ERROR] LogOutputStream:75 - [STDERR_REDIRECT] 
2025-10-22 16:39:07,070 [ERROR] LogOutputStream:75 - [STDERR_REDIRECT] Oct 22, 2025 4:39:07 PM java.util.prefs.FileSystemPreferences syncWorld
2025-10-22 16:39:07,071 [ERROR] LogOutputStream:75 - [STDERR_REDIRECT] WARNING: Couldn't flush system prefs: java.util.prefs.BackingStoreException: Couldn't get file lock.
2025-10-22 16:39:07,072 [ERROR] LogOutputStream:75 - [STDERR_REDIRECT] 
2025-10-22 16:39:37,155 [ERROR] LogOutputStream:75 - [STDERR_REDIRECT] Oct 22, 2025 4:39:37 PM java.util.prefs.FileSystemPreferences checkLockFile0ErrorCode
2025-10-22 16:39:37,155 [ERROR] LogOutputStream:75 - [STDERR_REDIRECT] WARNING: Could not lock System prefs. Unix error code 2.
2025-10-22 16:39:37,155 [ERROR] LogOutputStream:75 - [STDERR_REDIRECT] 
2025-10-22 16:39:37,156 [ERROR] LogOutputStream:75 - [STDERR_REDIRECT] Oct 22, 2025 4:39:37 PM java.util.prefs.FileSystemPreferences syncWorld
2025-10-22 16:39:37,210 [ERROR] LogOutputStream:75 - [STDERR_REDIRECT] WARNING: Couldn't flush system prefs: java.util.prefs.BackingStoreException: Couldn't get file lock.
2025-10-22 16:39:37,211 [ERROR] LogOutputStream:75 - [STDERR_REDIRECT] 
2025-10-22 16:39:54,093 [INFO] WebApp:194 - Connection lost
2025-10-22 16:40:05,194 [INFO] WebApp:191 - Connection restablished
2025-10-22 16:40:07,364 [ERROR] LogOutputStream:75 - [STDERR_REDIRECT] Oct 22, 2025 4:40:07 PM java.util.prefs.FileSystemPreferences checkLockFile0ErrorCode
2025-10-22 16:40:07,856 [ERROR] LogOutputStream:75 - [STDERR_REDIRECT] WARNING: Could not lock System prefs. Unix error code 2.
2025-10-22 16:40:07,857 [ERROR] LogOutputStream:75 - [STDERR_REDIRECT] 
2025-10-22 16:40:07,885 [ERROR] LogOutputStream:75 - [STDERR_REDIRECT] Oct 22, 2025 4:40:07 PM java.util.prefs.FileSystemPreferences syncWorld
2025-10-22 16:40:07,886 [ERROR] LogOutputStream:75 - [STDERR_REDIRECT] WARNING: Couldn't flush system prefs: java.util.prefs.BackingStoreException: Couldn't get file lock.
2025-10-22 16:40:07,886 [ERROR] LogOutputStream:75 - [STDERR_REDIRECT] 
2025-10-22 16:40:37,956 [ERROR] LogOutputStream:75 - [STDERR_REDIRECT] Oct 22, 2025 4:40:37 PM java.util.prefs.FileSystemPreferences checkLockFile0ErrorCode
2025-10-22 16:40:37,957 [ERROR] LogOutputStream:75 - [STDERR_REDIRECT] WARNING: Could not lock System prefs. Unix error code 2.
2025-10-22 16:40:37,957 [ERROR] LogOutputStream:75 - [STDERR_REDIRECT] 
2025-10-22 16:40:37,981 [ERROR] LogOutputStream:75 - [STDERR_REDIRECT] Oct 22, 2025 4:40:37 PM java.util.prefs.FileSystemPreferences syncWorld
2025-10-22 16:40:37,981 [ERROR] LogOutputStream:75 - [STDERR_REDIRECT] WARNING: Couldn't flush system prefs: java.util.prefs.BackingStoreException: Couldn't get file lock.
2025-10-22 16:40:37,981 [ERROR] LogOutputStream:75 - [STDERR_REDIRECT] 
2025-10-22 16:40:45,954 [INFO] WebApp:194 - Connection lost
2025-10-22 16:40:56,280 [INFO] WebApp:191 - Connection restablished
2025-10-22 16:41:00,097 [INFO] WebApp:194 - Connection lost
2025-10-22 16:41:06,907 [INFO] WebApp:191 - Connection restablished
2025-10-22 16:41:08,134 [ERROR] LogOutputStream:75 - [STDERR_REDIRECT] Oct 22, 2025 4:41:08 PM java.util.prefs.FileSystemPreferences checkLockFile0ErrorCode
2025-10-22 16:41:08,136 [ERROR] LogOutputStream:75 - [STDERR_REDIRECT] WARNING: Could not lock System prefs. Unix error code 2.
2025-10-22 16:41:08,136 [ERROR] LogOutputStream:75 - [STDERR_REDIRECT] 
2025-10-22 16:41:08,259 [ERROR] LogOutputStream:75 - [STDERR_REDIRECT] Oct 22, 2025 4:41:08 PM java.util.prefs.FileSystemPreferences syncWorld
2025-10-22 16:41:08,260 [ERROR] LogOutputStream:75 - [STDERR_REDIRECT] WARNING: Couldn't flush system prefs: java.util.prefs.BackingStoreException: Couldn't get file lock.
2025-10-22 16:41:08,260 [ERROR] LogOutputStream:75 - [STDERR_REDIRECT] 
2025-10-22 16:41:38,631 [ERROR] LogOutputStream:75 - [STDERR_REDIRECT] Oct 22, 2025 4:41:38 PM java.util.prefs.FileSystemPreferences checkLockFile0ErrorCode
2025-10-22 16:41:38,670 [ERROR] LogOutputStream:75 - [STDERR_REDIRECT] WARNING: Could not lock System prefs. Unix error code 2.
2025-10-22 16:41:38,671 [ERROR] LogOutputStream:75 - [STDERR_REDIRECT] 
2025-10-22 16:41:38,672 [ERROR] LogOutputStream:75 - [STDERR_REDIRECT] Oct 22, 2025 4:41:38 PM java.util.prefs.FileSystemPreferences syncWorld
2025-10-22 16:41:38,674 [ERROR] LogOutputStream:75 - [STDERR_REDIRECT] WARNING: Couldn't flush system prefs: java.util.prefs.BackingStoreException: Couldn't get file lock.
2025-10-22 16:41:38,674 [ERROR] LogOutputStream:75 - [STDERR_REDIRECT] 
2025-10-22 16:42:07,726 [ERROR] LogOutputStream:75 - [STDERR_REDIRECT] Oct 22, 2025 4:42:07 PM java.util.prefs.FileSystemPreferences checkLockFile0ErrorCode
2025-10-22 16:42:07,727 [ERROR] LogOutputStream:75 - [STDERR_REDIRECT] WARNING: Could not lock System prefs. Unix error code 2.
2025-10-22 16:42:07,727 [ERROR] LogOutputStream:75 - [STDERR_REDIRECT] 
2025-10-22 16:42:07,728 [ERROR] LogOutputStream:75 - [STDERR_REDIRECT] Oct 22, 2025 4:42:07 PM java.util.prefs.FileSystemPreferences syncWorld
2025-10-22 16:42:07,728 [ERROR] LogOutputStream:75 - [STDERR_REDIRECT] WARNING: Couldn't flush system prefs: java.util.prefs.BackingStoreException: Couldn't get file lock.
2025-10-22 16:42:07,728 [ERROR] LogOutputStream:75 - [STDERR_REDIRECT] 
2025-10-22 16:42:12,099 [INFO] WebApp:194 - Connection lost
2025-10-22 16:42:21,058 [INFO] WebApp:191 - Connection restablished
2025-10-22 16:42:37,554 [ERROR] LogOutputStream:75 - [STDERR_REDIRECT] Oct 22, 2025 4:42:37 PM java.util.prefs.FileSystemPreferences checkLockFile0ErrorCode
2025-10-22 16:42:37,554 [ERROR] LogOutputStream:75 - [STDERR_REDIRECT] WARNING: Could not lock System prefs. Unix error code 2.
2025-10-22 16:42:37,558 [ERROR] LogOutputStream:75 - [STDERR_REDIRECT] 
2025-10-22 16:42:37,559 [ERROR] LogOutputStream:75 - [STDERR_REDIRECT] Oct 22, 2025 4:42:37 PM java.util.prefs.FileSystemPreferences syncWorld
2025-10-22 16:42:37,561 [ERROR] LogOutputStream:75 - [STDERR_REDIRECT] WARNING: Couldn't flush system prefs: java.util.prefs.BackingStoreException: Couldn't get file lock.
2025-10-22 16:42:37,562 [ERROR] LogOutputStream:75 - [STDERR_REDIRECT] 
2025-10-22 16:43:07,556 [ERROR] LogOutputStream:75 - [STDERR_REDIRECT] Oct 22, 2025 4:43:07 PM java.util.prefs.FileSystemPreferences checkLockFile0ErrorCode
2025-10-22 16:43:07,592 [ERROR] LogOutputStream:75 - [STDERR_REDIRECT] WARNING: Could not lock System prefs. Unix error code 2.
2025-10-22 16:43:07,592 [ERROR] LogOutputStream:75 - [STDERR_REDIRECT] 
2025-10-22 16:43:07,620 [ERROR] LogOutputStream:75 - [STDERR_REDIRECT] Oct 22, 2025 4:43:07 PM java.util.prefs.FileSystemPreferences syncWorld
2025-10-22 16:43:07,620 [ERROR] LogOutputStream:75 - [STDERR_REDIRECT] WARNING: Couldn't flush system prefs: java.util.prefs.BackingStoreException: Couldn't get file lock.
2025-10-22 16:43:07,620 [ERROR] LogOutputStream:75 - [STDERR_REDIRECT] 
2025-10-22 16:43:20,599 [INFO] WebApp:194 - Connection lost
2025-10-22 16:43:30,667 [INFO] WebApp:191 - Connection restablished
2025-10-22 16:43:37,874 [ERROR] LogOutputStream:75 - [STDERR_REDIRECT] Oct 22, 2025 4:43:37 PM java.util.prefs.FileSystemPreferences checkLockFile0ErrorCode
2025-10-22 16:43:37,876 [ERROR] LogOutputStream:75 - [STDERR_REDIRECT] WARNING: Could not lock System prefs. Unix error code 2.
2025-10-22 16:43:38,837 [ERROR] LogOutputStream:75 - [STDERR_REDIRECT] 
2025-10-22 16:43:38,906 [ERROR] LogOutputStream:75 - [STDERR_REDIRECT] Oct 22, 2025 4:43:38 PM java.util.prefs.FileSystemPreferences syncWorld
2025-10-22 16:43:38,907 [ERROR] LogOutputStream:75 - [STDERR_REDIRECT] WARNING: Couldn't flush system prefs: java.util.prefs.BackingStoreException: Couldn't get file lock.
2025-10-22 16:43:38,907 [ERROR] LogOutputStream:75 - [STDERR_REDIRECT] 
2025-10-22 16:44:07,604 [ERROR] LogOutputStream:75 - [STDERR_REDIRECT] Oct 22, 2025 4:44:07 PM java.util.prefs.FileSystemPreferences checkLockFile0ErrorCode
2025-10-22 16:44:07,605 [ERROR] LogOutputStream:75 - [STDERR_REDIRECT] WARNING: Could not lock System prefs. Unix error code 2.
2025-10-22 16:44:07,605 [ERROR] LogOutputStream:75 - [STDERR_REDIRECT] 
2025-10-22 16:44:07,649 [ERROR] LogOutputStream:75 - [STDERR_REDIRECT] Oct 22, 2025 4:44:07 PM java.util.prefs.FileSystemPreferences syncWorld
2025-10-22 16:44:07,650 [ERROR] LogOutputStream:75 - [STDERR_REDIRECT] WARNING: Couldn't flush system prefs: java.util.prefs.BackingStoreException: Couldn't get file lock.
2025-10-22 16:44:07,650 [ERROR] LogOutputStream:75 - [STDERR_REDIRECT] 
2025-10-22 16:44:37,773 [ERROR] LogOutputStream:75 - [STDERR_REDIRECT] Oct 22, 2025 4:44:37 PM java.util.prefs.FileSystemPreferences checkLockFile0ErrorCode
2025-10-22 16:44:37,774 [ERROR] LogOutputStream:75 - [STDERR_REDIRECT] WARNING: Could not lock System prefs. Unix error code 2.
2025-10-22 16:44:37,774 [ERROR] LogOutputStream:75 - [STDERR_REDIRECT] 
2025-10-22 16:44:37,816 [ERROR] LogOutputStream:75 - [STDERR_REDIRECT] Oct 22, 2025 4:44:37 PM java.util.prefs.FileSystemPreferences syncWorld
2025-10-22 16:44:37,816 [ERROR] LogOutputStream:75 - [STDERR_REDIRECT] WARNING: Couldn't flush system prefs: java.util.prefs.BackingStoreException: Couldn't get file lock.
2025-10-22 16:44:37,817 [ERROR] LogOutputStream:75 - [STDERR_REDIRECT] 
2025-10-22 16:44:49,965 [INFO] WebApp:194 - Connection lost
2025-10-22 16:44:55,246 [INFO] WebApp:191 - Connection restablished
2025-10-22 16:45:07,755 [ERROR] LogOutputStream:75 - [STDERR_REDIRECT] Oct 22, 2025 4:45:07 PM java.util.prefs.FileSystemPreferences checkLockFile0ErrorCode
2025-10-22 16:45:07,755 [ERROR] LogOutputStream:75 - [STDERR_REDIRECT] WARNING: Could not lock System prefs. Unix error code 2.
2025-10-22 16:45:07,756 [ERROR] LogOutputStream:75 - [STDERR_REDIRECT] 
2025-10-22 16:45:07,758 [ERROR] LogOutputStream:75 - [STDERR_REDIRECT] Oct 22, 2025 4:45:07 PM java.util.prefs.FileSystemPreferences syncWorld
2025-10-22 16:45:07,758 [ERROR] LogOutputStream:75 - [STDERR_REDIRECT] WARNING: Couldn't flush system prefs: java.util.prefs.BackingStoreException: Couldn't get file lock.
2025-10-22 16:45:07,758 [ERROR] LogOutputStream:75 - [STDERR_REDIRECT] 
2025-10-22 16:45:37,979 [ERROR] LogOutputStream:75 - [STDERR_REDIRECT] Oct 22, 2025 4:45:37 PM java.util.prefs.FileSystemPreferences checkLockFile0ErrorCode
2025-10-22 16:45:37,980 [ERROR] LogOutputStream:75 - [STDERR_REDIRECT] WARNING: Could not lock System prefs. Unix error code 2.
2025-10-22 16:45:37,980 [ERROR] LogOutputStream:75 - [STDERR_REDIRECT] 
2025-10-22 16:45:37,981 [ERROR] LogOutputStream:75 - [STDERR_REDIRECT] Oct 22, 2025 4:45:37 PM java.util.prefs.FileSystemPreferences syncWorld
2025-10-22 16:45:37,981 [ERROR] LogOutputStream:75 - [STDERR_REDIRECT] WARNING: Couldn't flush system prefs: java.util.prefs.BackingStoreException: Couldn't get file lock.
2025-10-22 16:45:37,982 [ERROR] LogOutputStream:75 - [STDERR_REDIRECT] 
2025-10-22 16:46:07,839 [ERROR] LogOutputStream:75 - [STDERR_REDIRECT] Oct 22, 2025 4:46:07 PM java.util.prefs.FileSystemPreferences checkLockFile0ErrorCode
2025-10-22 16:46:07,841 [ERROR] LogOutputStream:75 - [STDERR_REDIRECT] WARNING: Could not lock System prefs. Unix error code 2.
2025-10-22 16:46:07,841 [ERROR] LogOutputStream:75 - [STDERR_REDIRECT] 
2025-10-22 16:46:07,842 [ERROR] LogOutputStream:75 - [STDERR_REDIRECT] Oct 22, 2025 4:46:07 PM java.util.prefs.FileSystemPreferences syncWorld
2025-10-22 16:46:07,842 [ERROR] LogOutputStream:75 - [STDERR_REDIRECT] WARNING: Couldn't flush system prefs: java.util.prefs.BackingStoreException: Couldn't get file lock.
2025-10-22 16:46:07,842 [ERROR] LogOutputStream:75 - [STDERR_REDIRECT] 
2025-10-22 16:46:37,842 [ERROR] LogOutputStream:75 - [STDERR_REDIRECT] Oct 22, 2025 4:46:37 PM java.util.prefs.FileSystemPreferences checkLockFile0ErrorCode
2025-10-22 16:46:37,864 [ERROR] LogOutputStream:75 - [STDERR_REDIRECT] WARNING: Could not lock System prefs. Unix error code 2.
2025-10-22 16:46:37,867 [ERROR] LogOutputStream:75 - [STDERR_REDIRECT] 
2025-10-22 16:46:37,870 [ERROR] LogOutputStream:75 - [STDERR_REDIRECT] Oct 22, 2025 4:46:37 PM java.util.prefs.FileSystemPreferences syncWorld
2025-10-22 16:46:37,871 [ERROR] LogOutputStream:75 - [STDERR_REDIRECT] WARNING: Couldn't flush system prefs: java.util.prefs.BackingStoreException: Couldn't get file lock.
2025-10-22 16:46:37,871 [ERROR] LogOutputStream:75 - [STDERR_REDIRECT] 
2025-10-22 16:47:07,890 [ERROR] LogOutputStream:75 - [STDERR_REDIRECT] Oct 22, 2025 4:47:07 PM java.util.prefs.FileSystemPreferences checkLockFile0ErrorCode
2025-10-22 16:47:07,891 [ERROR] LogOutputStream:75 - [STDERR_REDIRECT] WARNING: Could not lock System prefs. Unix error code 2.
2025-10-22 16:47:07,891 [ERROR] LogOutputStream:75 - [STDERR_REDIRECT] 
2025-10-22 16:47:07,891 [ERROR] LogOutputStream:75 - [STDERR_REDIRECT] Oct 22, 2025 4:47:07 PM java.util.prefs.FileSystemPreferences syncWorld
2025-10-22 16:47:07,891 [ERROR] LogOutputStream:75 - [STDERR_REDIRECT] WARNING: Couldn't flush system prefs: java.util.prefs.BackingStoreException: Couldn't get file lock.
2025-10-22 16:47:07,891 [ERROR] LogOutputStream:75 - [STDERR_REDIRECT] 
2025-10-22 16:47:37,893 [ERROR] LogOutputStream:75 - [STDERR_REDIRECT] Oct 22, 2025 4:47:37 PM java.util.prefs.FileSystemPreferences checkLockFile0ErrorCode
2025-10-22 16:47:37,893 [ERROR] LogOutputStream:75 - [STDERR_REDIRECT] WARNING: Could not lock System prefs. Unix error code 2.
2025-10-22 16:47:37,894 [ERROR] LogOutputStream:75 - [STDERR_REDIRECT] 
2025-10-22 16:47:37,895 [ERROR] LogOutputStream:75 - [STDERR_REDIRECT] Oct 22, 2025 4:47:37 PM java.util.prefs.FileSystemPreferences syncWorld
2025-10-22 16:47:37,905 [ERROR] LogOutputStream:75 - [STDERR_REDIRECT] WARNING: Couldn't flush system prefs: java.util.prefs.BackingStoreException: Couldn't get file lock.
2025-10-22 16:47:37,905 [ERROR] LogOutputStream:75 - [STDERR_REDIRECT] 
2025-10-22 16:48:07,884 [ERROR] LogOutputStream:75 - [STDERR_REDIRECT] Oct 22, 2025 4:48:07 PM java.util.prefs.FileSystemPreferences checkLockFile0ErrorCode
2025-10-22 16:48:07,887 [ERROR] LogOutputStream:75 - [STDERR_REDIRECT] WARNING: Could not lock System prefs. Unix error code 2.
2025-10-22 16:48:07,887 [ERROR] LogOutputStream:75 - [STDERR_REDIRECT] 
2025-10-22 16:48:07,887 [ERROR] LogOutputStream:75 - [STDERR_REDIRECT] Oct 22, 2025 4:48:07 PM java.util.prefs.FileSystemPreferences syncWorld
2025-10-22 16:48:07,888 [ERROR] LogOutputStream:75 - [STDERR_REDIRECT] WARNING: Couldn't flush system prefs: java.util.prefs.BackingStoreException: Couldn't get file lock.
2025-10-22 16:48:07,890 [ERROR] LogOutputStream:75 - [STDERR_REDIRECT] 
2025-10-22 16:48:38,553 [ERROR] LogOutputStream:75 - [STDERR_REDIRECT] Oct 22, 2025 4:48:37 PM java.util.prefs.FileSystemPreferences checkLockFile0ErrorCode
2025-10-22 16:48:38,554 [ERROR] LogOutputStream:75 - [STDERR_REDIRECT] WARNING: Could not lock System prefs. Unix error code 2.
2025-10-22 16:48:38,555 [ERROR] LogOutputStream:75 - [STDERR_REDIRECT] 
2025-10-22 16:48:38,557 [ERROR] LogOutputStream:75 - [STDERR_REDIRECT] Oct 22, 2025 4:48:38 PM java.util.prefs.FileSystemPreferences syncWorld
2025-10-22 16:48:38,557 [ERROR] LogOutputStream:75 - [STDERR_REDIRECT] WARNING: Couldn't flush system prefs: java.util.prefs.BackingStoreException: Couldn't get file lock.
2025-10-22 16:48:38,558 [ERROR] LogOutputStream:75 - [STDERR_REDIRECT] 
2025-10-22 16:49:07,960 [ERROR] LogOutputStream:75 - [STDERR_REDIRECT] Oct 22, 2025 4:49:07 PM java.util.prefs.FileSystemPreferences checkLockFile0ErrorCode
2025-10-22 16:49:07,961 [ERROR] LogOutputStream:75 - [STDERR_REDIRECT] WARNING: Could not lock System prefs. Unix error code 2.
2025-10-22 16:49:07,961 [ERROR] LogOutputStream:75 - [STDERR_REDIRECT] 
2025-10-22 16:49:08,078 [ERROR] LogOutputStream:75 - [STDERR_REDIRECT] Oct 22, 2025 4:49:07 PM java.util.prefs.FileSystemPreferences syncWorld
2025-10-22 16:49:08,079 [ERROR] LogOutputStream:75 - [STDERR_REDIRECT] WARNING: Couldn't flush system prefs: java.util.prefs.BackingStoreException: Couldn't get file lock.
2025-10-22 16:49:08,119 [ERROR] LogOutputStream:75 - [STDERR_REDIRECT] 
2025-10-22 16:49:10,484 [INFO] WebApp:194 - Connection lost
2025-10-22 16:49:17,989 [INFO] WebApp:191 - Connection restablished
2025-10-22 16:49:18,724 [INFO] WebApp:194 - Connection lost
2025-10-22 16:49:25,520 [INFO] WebApp:191 - Connection restablished
2025-10-22 16:49:38,001 [ERROR] LogOutputStream:75 - [STDERR_REDIRECT] Oct 22, 2025 4:49:37 PM java.util.prefs.FileSystemPreferences checkLockFile0ErrorCode
2025-10-22 16:49:38,002 [ERROR] LogOutputStream:75 - [STDERR_REDIRECT] WARNING: Could not lock System prefs. Unix error code 2.
2025-10-22 16:49:38,002 [ERROR] LogOutputStream:75 - [STDERR_REDIRECT] 
2025-10-22 16:49:38,002 [ERROR] LogOutputStream:75 - [STDERR_REDIRECT] Oct 22, 2025 4:49:38 PM java.util.prefs.FileSystemPreferences syncWorld
2025-10-22 16:49:38,004 [ERROR] LogOutputStream:75 - [STDERR_REDIRECT] WARNING: Couldn't flush system prefs: java.util.prefs.BackingStoreException: Couldn't get file lock.
2025-10-22 16:49:38,004 [ERROR] LogOutputStream:75 - [STDERR_REDIRECT] 
2025-10-22 16:50:05,629 [INFO] WebApp:194 - Connection lost
2025-10-22 16:50:08,084 [ERROR] LogOutputStream:75 - [STDERR_REDIRECT] Oct 22, 2025 4:50:08 PM java.util.prefs.FileSystemPreferences checkLockFile0ErrorCode
2025-10-22 16:50:08,084 [ERROR] LogOutputStream:75 - [STDERR_REDIRECT] WARNING: Could not lock System prefs. Unix error code 2.
2025-10-22 16:50:08,084 [ERROR] LogOutputStream:75 - [STDERR_REDIRECT] 
2025-10-22 16:50:08,343 [ERROR] LogOutputStream:75 - [STDERR_REDIRECT] Oct 22, 2025 4:50:08 PM java.util.prefs.FileSystemPreferences syncWorld
2025-10-22 16:50:08,413 [ERROR] LogOutputStream:75 - [STDERR_REDIRECT] WARNING: Couldn't flush system prefs: java.util.prefs.BackingStoreException: Couldn't get file lock.
2025-10-22 16:50:08,414 [ERROR] LogOutputStream:75 - [STDERR_REDIRECT] 
2025-10-22 16:50:13,538 [INFO] WebApp:191 - Connection restablished
2025-10-22 16:50:17,612 [INFO] WebApp:194 - Connection lost
2025-10-22 16:50:30,668 [INFO] WebApp:191 - Connection restablished
2025-10-22 16:50:38,124 [ERROR] LogOutputStream:75 - [STDERR_REDIRECT] Oct 22, 2025 4:50:38 PM java.util.prefs.FileSystemPreferences checkLockFile0ErrorCode
2025-10-22 16:50:38,124 [ERROR] LogOutputStream:75 - [STDERR_REDIRECT] WARNING: Could not lock System prefs. Unix error code 2.
2025-10-22 16:50:38,125 [ERROR] LogOutputStream:75 - [STDERR_REDIRECT] 
2025-10-22 16:50:38,125 [ERROR] LogOutputStream:75 - [STDERR_REDIRECT] Oct 22, 2025 4:50:38 PM java.util.prefs.FileSystemPreferences syncWorld
2025-10-22 16:50:38,126 [ERROR] LogOutputStream:75 - [STDERR_REDIRECT] WARNING: Couldn't flush system prefs: java.util.prefs.BackingStoreException: Couldn't get file lock.
2025-10-22 16:50:38,126 [ERROR] LogOutputStream:75 - [STDERR_REDIRECT] 
2025-10-22 16:51:08,128 [ERROR] LogOutputStream:75 - [STDERR_REDIRECT] Oct 22, 2025 4:51:08 PM java.util.prefs.FileSystemPreferences checkLockFile0ErrorCode
2025-10-22 16:51:08,129 [ERROR] LogOutputStream:75 - [STDERR_REDIRECT] WARNING: Could not lock System prefs. Unix error code 2.
2025-10-22 16:51:08,129 [ERROR] LogOutputStream:75 - [STDERR_REDIRECT] 
2025-10-22 16:51:08,129 [ERROR] LogOutputStream:75 - [STDERR_REDIRECT] Oct 22, 2025 4:51:08 PM java.util.prefs.FileSystemPreferences syncWorld
2025-10-22 16:51:08,130 [ERROR] LogOutputStream:75 - [STDERR_REDIRECT] WARNING: Couldn't flush system prefs: java.util.prefs.BackingStoreException: Couldn't get file lock.
2025-10-22 16:51:08,130 [ERROR] LogOutputStream:75 - [STDERR_REDIRECT] 
2025-10-22 16:51:13,879 [INFO] WebApp:194 - Connection lost
2025-10-22 16:51:23,364 [INFO] WebApp:191 - Connection restablished
2025-10-22 16:51:30,733 [INFO] WebApp:194 - Connection lost
2025-10-22 16:51:38,117 [ERROR] LogOutputStream:75 - [STDERR_REDIRECT] Oct 22, 2025 4:51:38 PM java.util.prefs.FileSystemPreferences checkLockFile0ErrorCode
2025-10-22 16:51:38,118 [ERROR] LogOutputStream:75 - [STDERR_REDIRECT] WARNING: Could not lock System prefs. Unix error code 2.
2025-10-22 16:51:38,118 [ERROR] LogOutputStream:75 - [STDERR_REDIRECT] 
2025-10-22 16:51:38,119 [ERROR] LogOutputStream:75 - [STDERR_REDIRECT] Oct 22, 2025 4:51:38 PM java.util.prefs.FileSystemPreferences syncWorld
2025-10-22 16:51:38,119 [ERROR] LogOutputStream:75 - [STDERR_REDIRECT] WARNING: Couldn't flush system prefs: java.util.prefs.BackingStoreException: Couldn't get file lock.
2025-10-22 16:51:38,760 [ERROR] LogOutputStream:75 - [STDERR_REDIRECT] 
2025-10-22 16:51:42,446 [INFO] WebApp:191 - Connection restablished
2025-10-22 16:52:08,264 [ERROR] LogOutputStream:75 - [STDERR_REDIRECT] Oct 22, 2025 4:52:08 PM java.util.prefs.FileSystemPreferences checkLockFile0ErrorCode
2025-10-22 16:52:08,266 [ERROR] LogOutputStream:75 - [STDERR_REDIRECT] WARNING: Could not lock System prefs. Unix error code 2.
2025-10-22 16:52:08,267 [ERROR] LogOutputStream:75 - [STDERR_REDIRECT] 
2025-10-22 16:52:08,268 [ERROR] LogOutputStream:75 - [STDERR_REDIRECT] Oct 22, 2025 4:52:08 PM java.util.prefs.FileSystemPreferences syncWorld
2025-10-22 16:52:08,269 [ERROR] LogOutputStream:75 - [STDERR_REDIRECT] WARNING: Couldn't flush system prefs: java.util.prefs.BackingStoreException: Couldn't get file lock.
2025-10-22 16:52:08,270 [ERROR] LogOutputStream:75 - [STDERR_REDIRECT] 
2025-10-22 16:52:38,359 [ERROR] LogOutputStream:75 - [STDERR_REDIRECT] Oct 22, 2025 4:52:38 PM java.util.prefs.FileSystemPreferences checkLockFile0ErrorCode
2025-10-22 16:52:38,364 [ERROR] LogOutputStream:75 - [STDERR_REDIRECT] WARNING: Could not lock System prefs. Unix error code 2.
2025-10-22 16:52:38,397 [ERROR] LogOutputStream:75 - [STDERR_REDIRECT] 
2025-10-22 16:52:38,426 [ERROR] LogOutputStream:75 - [STDERR_REDIRECT] Oct 22, 2025 4:52:38 PM java.util.prefs.FileSystemPreferences syncWorld
2025-10-22 16:52:38,427 [ERROR] LogOutputStream:75 - [STDERR_REDIRECT] WARNING: Couldn't flush system prefs: java.util.prefs.BackingStoreException: Couldn't get file lock.
2025-10-22 16:52:38,427 [ERROR] LogOutputStream:75 - [STDERR_REDIRECT] 
2025-10-22 16:53:06,546 [INFO] WebApp:194 - Connection lost
2025-10-22 16:53:08,204 [ERROR] LogOutputStream:75 - [STDERR_REDIRECT] Oct 22, 2025 4:53:08 PM java.util.prefs.FileSystemPreferences checkLockFile0ErrorCode
2025-10-22 16:53:08,204 [ERROR] LogOutputStream:75 - [STDERR_REDIRECT] WARNING: Could not lock System prefs. Unix error code 2.
2025-10-22 16:53:08,205 [ERROR] LogOutputStream:75 - [STDERR_REDIRECT] 
2025-10-22 16:53:08,206 [ERROR] LogOutputStream:75 - [STDERR_REDIRECT] Oct 22, 2025 4:53:08 PM java.util.prefs.FileSystemPreferences syncWorld
2025-10-22 16:53:08,207 [ERROR] LogOutputStream:75 - [STDERR_REDIRECT] WARNING: Couldn't flush system prefs: java.util.prefs.BackingStoreException: Couldn't get file lock.
2025-10-22 16:53:08,207 [ERROR] LogOutputStream:75 - [STDERR_REDIRECT] 
2025-10-22 16:53:20,429 [INFO] WebApp:191 - Connection restablished
2025-10-22 16:53:38,284 [ERROR] LogOutputStream:75 - [STDERR_REDIRECT] Oct 22, 2025 4:53:38 PM java.util.prefs.FileSystemPreferences checkLockFile0ErrorCode
2025-10-22 16:53:38,286 [ERROR] LogOutputStream:75 - [STDERR_REDIRECT] WARNING: Could not lock System prefs. Unix error code 2.
2025-10-22 16:53:38,286 [ERROR] LogOutputStream:75 - [STDERR_REDIRECT] 
2025-10-22 16:53:38,287 [ERROR] LogOutputStream:75 - [STDERR_REDIRECT] Oct 22, 2025 4:53:38 PM java.util.prefs.FileSystemPreferences syncWorld
2025-10-22 16:53:38,288 [ERROR] LogOutputStream:75 - [STDERR_REDIRECT] WARNING: Couldn't flush system prefs: java.util.prefs.BackingStoreException: Couldn't get file lock.
2025-10-22 16:53:38,288 [ERROR] LogOutputStream:75 - [STDERR_REDIRECT] 
2025-10-22 16:53:58,065 [INFO] WebApp:194 - Connection lost
2025-10-22 16:54:07,276 [INFO] WebApp:191 - Connection restablished
2025-10-22 16:54:08,401 [ERROR] LogOutputStream:75 - [STDERR_REDIRECT] Oct 22, 2025 4:54:08 PM java.util.prefs.FileSystemPreferences checkLockFile0ErrorCode
2025-10-22 16:54:08,401 [ERROR] LogOutputStream:75 - [STDERR_REDIRECT] WARNING: Could not lock System prefs. Unix error code 2.
2025-10-22 16:54:08,417 [ERROR] LogOutputStream:75 - [STDERR_REDIRECT] 
2025-10-22 16:54:08,418 [ERROR] LogOutputStream:75 - [STDERR_REDIRECT] Oct 22, 2025 4:54:08 PM java.util.prefs.FileSystemPreferences syncWorld
2025-10-22 16:54:08,418 [ERROR] LogOutputStream:75 - [STDERR_REDIRECT] WARNING: Couldn't flush system prefs: java.util.prefs.BackingStoreException: Couldn't get file lock.
2025-10-22 16:54:08,418 [ERROR] LogOutputStream:75 - [STDERR_REDIRECT] 
2025-10-22 16:54:38,371 [ERROR] LogOutputStream:75 - [STDERR_REDIRECT] Oct 22, 2025 4:54:38 PM java.util.prefs.FileSystemPreferences checkLockFile0ErrorCode
2025-10-22 16:54:38,393 [ERROR] LogOutputStream:75 - [STDERR_REDIRECT] WARNING: Could not lock System prefs. Unix error code 2.
2025-10-22 16:54:38,394 [ERROR] LogOutputStream:75 - [STDERR_REDIRECT] 
2025-10-22 16:54:38,396 [ERROR] LogOutputStream:75 - [STDERR_REDIRECT] Oct 22, 2025 4:54:38 PM java.util.prefs.FileSystemPreferences syncWorld
2025-10-22 16:54:38,518 [ERROR] LogOutputStream:75 - [STDERR_REDIRECT] WARNING: Couldn't flush system prefs: java.util.prefs.BackingStoreException: Couldn't get file lock.
2025-10-22 16:54:38,518 [ERROR] LogOutputStream:75 - [STDERR_REDIRECT] 
2025-10-22 16:55:08,201 [ERROR] LogOutputStream:75 - [STDERR_REDIRECT] Oct 22, 2025 4:55:08 PM java.util.prefs.FileSystemPreferences checkLockFile0ErrorCode
2025-10-22 16:55:08,203 [ERROR] LogOutputStream:75 - [STDERR_REDIRECT] WARNING: Could not lock System prefs. Unix error code 2.
2025-10-22 16:55:08,203 [ERROR] LogOutputStream:75 - [STDERR_REDIRECT] 
2025-10-22 16:55:08,203 [ERROR] LogOutputStream:75 - [STDERR_REDIRECT] Oct 22, 2025 4:55:08 PM java.util.prefs.FileSystemPreferences syncWorld
2025-10-22 16:55:08,207 [ERROR] LogOutputStream:75 - [STDERR_REDIRECT] WARNING: Couldn't flush system prefs: java.util.prefs.BackingStoreException: Couldn't get file lock.
2025-10-22 16:55:08,209 [ERROR] LogOutputStream:75 - [STDERR_REDIRECT] 
2025-10-22 16:55:38,201 [ERROR] LogOutputStream:75 - [STDERR_REDIRECT] Oct 22, 2025 4:55:38 PM java.util.prefs.FileSystemPreferences checkLockFile0ErrorCode
2025-10-22 16:55:38,201 [ERROR] LogOutputStream:75 - [STDERR_REDIRECT] WARNING: Could not lock System prefs. Unix error code 2.
2025-10-22 16:55:38,202 [ERROR] LogOutputStream:75 - [STDERR_REDIRECT] 
2025-10-22 16:55:38,205 [ERROR] LogOutputStream:75 - [STDERR_REDIRECT] Oct 22, 2025 4:55:38 PM java.util.prefs.FileSystemPreferences syncWorld
2025-10-22 16:55:38,205 [ERROR] LogOutputStream:75 - [STDERR_REDIRECT] WARNING: Couldn't flush system prefs: java.util.prefs.BackingStoreException: Couldn't get file lock.
2025-10-22 16:55:38,205 [ERROR] LogOutputStream:75 - [STDERR_REDIRECT] 
2025-10-22 16:56:08,208 [ERROR] LogOutputStream:75 - [STDERR_REDIRECT] Oct 22, 2025 4:56:08 PM java.util.prefs.FileSystemPreferences checkLockFile0ErrorCode
2025-10-22 16:56:08,209 [ERROR] LogOutputStream:75 - [STDERR_REDIRECT] WARNING: Could not lock System prefs. Unix error code 2.
2025-10-22 16:56:08,210 [ERROR] LogOutputStream:75 - [STDERR_REDIRECT] 
2025-10-22 16:56:08,211 [ERROR] LogOutputStream:75 - [STDERR_REDIRECT] Oct 22, 2025 4:56:08 PM java.util.prefs.FileSystemPreferences syncWorld
2025-10-22 16:56:08,211 [ERROR] LogOutputStream:75 - [STDERR_REDIRECT] WARNING: Couldn't flush system prefs: java.util.prefs.BackingStoreException: Couldn't get file lock.
2025-10-22 16:56:08,211 [ERROR] LogOutputStream:75 - [STDERR_REDIRECT] 
2025-10-22 16:56:38,224 [ERROR] LogOutputStream:75 - [STDERR_REDIRECT] Oct 22, 2025 4:56:38 PM java.util.prefs.FileSystemPreferences checkLockFile0ErrorCode
2025-10-22 16:56:38,225 [ERROR] LogOutputStream:75 - [STDERR_REDIRECT] WARNING: Could not lock System prefs. Unix error code 2.
2025-10-22 16:56:38,225 [ERROR] LogOutputStream:75 - [STDERR_REDIRECT] 
2025-10-22 16:56:38,225 [ERROR] LogOutputStream:75 - [STDERR_REDIRECT] Oct 22, 2025 4:56:38 PM java.util.prefs.FileSystemPreferences syncWorld
2025-10-22 16:56:38,226 [ERROR] LogOutputStream:75 - [STDERR_REDIRECT] WARNING: Couldn't flush system prefs: java.util.prefs.BackingStoreException: Couldn't get file lock.
2025-10-22 16:56:38,226 [ERROR] LogOutputStream:75 - [STDERR_REDIRECT] 
2025-10-22 16:57:08,209 [ERROR] LogOutputStream:75 - [STDERR_REDIRECT] Oct 22, 2025 4:57:08 PM java.util.prefs.FileSystemPreferences checkLockFile0ErrorCode
2025-10-22 16:57:08,210 [ERROR] LogOutputStream:75 - [STDERR_REDIRECT] WARNING: Could not lock System prefs. Unix error code 2.
2025-10-22 16:57:08,211 [ERROR] LogOutputStream:75 - [STDERR_REDIRECT] 
2025-10-22 16:57:08,213 [ERROR] LogOutputStream:75 - [STDERR_REDIRECT] Oct 22, 2025 4:57:08 PM java.util.prefs.FileSystemPreferences syncWorld
2025-10-22 16:57:08,214 [ERROR] LogOutputStream:75 - [STDERR_REDIRECT] WARNING: Couldn't flush system prefs: java.util.prefs.BackingStoreException: Couldn't get file lock.
2025-10-22 16:57:08,214 [ERROR] LogOutputStream:75 - [STDERR_REDIRECT] 
2025-10-22 16:57:38,211 [ERROR] LogOutputStream:75 - [STDERR_REDIRECT] Oct 22, 2025 4:57:38 PM java.util.prefs.FileSystemPreferences checkLockFile0ErrorCode
2025-10-22 16:57:38,213 [ERROR] LogOutputStream:75 - [STDERR_REDIRECT] WARNING: Could not lock System prefs. Unix error code 2.
2025-10-22 16:57:38,213 [ERROR] LogOutputStream:75 - [STDERR_REDIRECT] 
2025-10-22 16:57:38,213 [ERROR] LogOutputStream:75 - [STDERR_REDIRECT] Oct 22, 2025 4:57:38 PM java.util.prefs.FileSystemPreferences syncWorld
2025-10-22 16:57:38,213 [ERROR] LogOutputStream:75 - [STDERR_REDIRECT] WARNING: Couldn't flush system prefs: java.util.prefs.BackingStoreException: Couldn't get file lock.
2025-10-22 16:57:38,214 [ERROR] LogOutputStream:75 - [STDERR_REDIRECT] 
2025-10-22 16:58:08,290 [ERROR] LogOutputStream:75 - [STDERR_REDIRECT] Oct 22, 2025 4:58:08 PM java.util.prefs.FileSystemPreferences checkLockFile0ErrorCode
2025-10-22 16:58:08,292 [ERROR] LogOutputStream:75 - [STDERR_REDIRECT] WARNING: Could not lock System prefs. Unix error code 2.
2025-10-22 16:58:08,292 [ERROR] LogOutputStream:75 - [STDERR_REDIRECT] 
2025-10-22 16:58:08,316 [ERROR] LogOutputStream:75 - [STDERR_REDIRECT] Oct 22, 2025 4:58:08 PM java.util.prefs.FileSystemPreferences syncWorld
2025-10-22 16:58:08,316 [ERROR] LogOutputStream:75 - [STDERR_REDIRECT] WARNING: Couldn't flush system prefs: java.util.prefs.BackingStoreException: Couldn't get file lock.
2025-10-22 16:58:08,317 [ERROR] LogOutputStream:75 - [STDERR_REDIRECT] 
2025-10-22 16:58:38,261 [ERROR] LogOutputStream:75 - [STDERR_REDIRECT] Oct 22, 2025 4:58:38 PM java.util.prefs.FileSystemPreferences checkLockFile0ErrorCode
2025-10-22 16:58:38,276 [ERROR] LogOutputStream:75 - [STDERR_REDIRECT] WARNING: Could not lock System prefs. Unix error code 2.
2025-10-22 16:58:38,276 [ERROR] LogOutputStream:75 - [STDERR_REDIRECT] 
2025-10-22 16:58:38,280 [ERROR] LogOutputStream:75 - [STDERR_REDIRECT] Oct 22, 2025 4:58:38 PM java.util.prefs.FileSystemPreferences syncWorld
2025-10-22 16:58:38,280 [ERROR] LogOutputStream:75 - [STDERR_REDIRECT] WARNING: Couldn't flush system prefs: java.util.prefs.BackingStoreException: Couldn't get file lock.
2025-10-22 16:58:38,280 [ERROR] LogOutputStream:75 - [STDERR_REDIRECT] 
2025-10-22 16:58:54,353 [INFO] WebApp:194 - Connection lost
2025-10-22 16:58:59,068 [INFO] WebApp:191 - Connection restablished
2025-10-22 16:59:08,491 [ERROR] LogOutputStream:75 - [STDERR_REDIRECT] Oct 22, 2025 4:59:08 PM java.util.prefs.FileSystemPreferences checkLockFile0ErrorCode
2025-10-22 16:59:08,493 [ERROR] LogOutputStream:75 - [STDERR_REDIRECT] WARNING: Could not lock System prefs. Unix error code 2.
2025-10-22 16:59:08,493 [ERROR] LogOutputStream:75 - [STDERR_REDIRECT] 
2025-10-22 16:59:08,496 [ERROR] LogOutputStream:75 - [STDERR_REDIRECT] Oct 22, 2025 4:59:08 PM java.util.prefs.FileSystemPreferences syncWorld
2025-10-22 16:59:08,497 [ERROR] LogOutputStream:75 - [STDERR_REDIRECT] WARNING: Couldn't flush system prefs: java.util.prefs.BackingStoreException: Couldn't get file lock.
2025-10-22 16:59:08,518 [ERROR] LogOutputStream:75 - [STDERR_REDIRECT] 
2025-10-22 16:59:38,507 [ERROR] LogOutputStream:75 - [STDERR_REDIRECT] Oct 22, 2025 4:59:38 PM java.util.prefs.FileSystemPreferences checkLockFile0ErrorCode
2025-10-22 16:59:38,507 [ERROR] LogOutputStream:75 - [STDERR_REDIRECT] WARNING: Could not lock System prefs. Unix error code 2.
2025-10-22 16:59:38,507 [ERROR] LogOutputStream:75 - [STDERR_REDIRECT] 
2025-10-22 16:59:38,508 [ERROR] LogOutputStream:75 - [STDERR_REDIRECT] Oct 22, 2025 4:59:38 PM java.util.prefs.FileSystemPreferences syncWorld
2025-10-22 16:59:38,508 [ERROR] LogOutputStream:75 - [STDERR_REDIRECT] WARNING: Couldn't flush system prefs: java.util.prefs.BackingStoreException: Couldn't get file lock.
2025-10-22 16:59:38,508 [ERROR] LogOutputStream:75 - [STDERR_REDIRECT] 
2025-10-22 17:00:08,444 [ERROR] LogOutputStream:75 - [STDERR_REDIRECT] Oct 22, 2025 5:00:08 PM java.util.prefs.FileSystemPreferences checkLockFile0ErrorCode
2025-10-22 17:00:08,445 [ERROR] LogOutputStream:75 - [STDERR_REDIRECT] WARNING: Could not lock System prefs. Unix error code 2.
2025-10-22 17:00:08,445 [ERROR] LogOutputStream:75 - [STDERR_REDIRECT] 
2025-10-22 17:00:08,446 [ERROR] LogOutputStream:75 - [STDERR_REDIRECT] Oct 22, 2025 5:00:08 PM java.util.prefs.FileSystemPreferences syncWorld
2025-10-22 17:00:08,446 [ERROR] LogOutputStream:75 - [STDERR_REDIRECT] WARNING: Couldn't flush system prefs: java.util.prefs.BackingStoreException: Couldn't get file lock.
2025-10-22 17:00:08,446 [ERROR] LogOutputStream:75 - [STDERR_REDIRECT] 
2025-10-22 17:00:14,984 [INFO] WebApp:194 - Connection lost
2025-10-22 17:00:22,518 [INFO] WebApp:191 - Connection restablished
2025-10-22 17:00:38,572 [ERROR] LogOutputStream:75 - [STDERR_REDIRECT] Oct 22, 2025 5:00:38 PM java.util.prefs.FileSystemPreferences checkLockFile0ErrorCode
2025-10-22 17:00:38,572 [ERROR] LogOutputStream:75 - [STDERR_REDIRECT] WARNING: Could not lock System prefs. Unix error code 2.
2025-10-22 17:00:38,572 [ERROR] LogOutputStream:75 - [STDERR_REDIRECT] 
2025-10-22 17:00:38,573 [ERROR] LogOutputStream:75 - [STDERR_REDIRECT] Oct 22, 2025 5:00:38 PM java.util.prefs.FileSystemPreferences syncWorld
2025-10-22 17:00:38,573 [ERROR] LogOutputStream:75 - [STDERR_REDIRECT] WARNING: Couldn't flush system prefs: java.util.prefs.BackingStoreException: Couldn't get file lock.
2025-10-22 17:00:38,573 [ERROR] LogOutputStream:75 - [STDERR_REDIRECT] 
2025-10-22 17:00:41,393 [INFO] WebApp:194 - Connection lost
2025-10-22 17:01:02,034 [INFO] WebApp:191 - Connection restablished
2025-10-22 17:01:08,595 [ERROR] LogOutputStream:75 - [STDERR_REDIRECT] Oct 22, 2025 5:01:08 PM java.util.prefs.FileSystemPreferences checkLockFile0ErrorCode
2025-10-22 17:01:08,595 [ERROR] LogOutputStream:75 - [STDERR_REDIRECT] WARNING: Could not lock System prefs. Unix error code 2.
2025-10-22 17:01:08,596 [ERROR] LogOutputStream:75 - [STDERR_REDIRECT] 
2025-10-22 17:01:08,607 [ERROR] LogOutputStream:75 - [STDERR_REDIRECT] Oct 22, 2025 5:01:08 PM java.util.prefs.FileSystemPreferences syncWorld
2025-10-22 17:01:08,609 [ERROR] LogOutputStream:75 - [STDERR_REDIRECT] WARNING: Couldn't flush system prefs: java.util.prefs.BackingStoreException: Couldn't get file lock.
2025-10-22 17:01:08,609 [ERROR] LogOutputStream:75 - [STDERR_REDIRECT] 
2025-10-22 17:01:38,697 [ERROR] LogOutputStream:75 - [STDERR_REDIRECT] Oct 22, 2025 5:01:38 PM java.util.prefs.FileSystemPreferences checkLockFile0ErrorCode
2025-10-22 17:01:38,697 [ERROR] LogOutputStream:75 - [STDERR_REDIRECT] WARNING: Could not lock System prefs. Unix error code 2.
2025-10-22 17:01:38,697 [ERROR] LogOutputStream:75 - [STDERR_REDIRECT] 
2025-10-22 17:01:38,697 [ERROR] LogOutputStream:75 - [STDERR_REDIRECT] Oct 22, 2025 5:01:38 PM java.util.prefs.FileSystemPreferences syncWorld
2025-10-22 17:01:38,697 [ERROR] LogOutputStream:75 - [STDERR_REDIRECT] WARNING: Couldn't flush system prefs: java.util.prefs.BackingStoreException: Couldn't get file lock.
2025-10-22 17:01:38,697 [ERROR] LogOutputStream:75 - [STDERR_REDIRECT] 
2025-10-22 17:01:41,262 [INFO] WebApp:194 - Connection lost
2025-10-22 17:01:52,315 [INFO] WebApp:191 - Connection restablished
2025-10-22 17:02:00,862 [INFO] WebApp:194 - Connection lost
2025-10-22 17:02:07,630 [INFO] WebApp:191 - Connection restablished
2025-10-22 17:02:08,711 [ERROR] LogOutputStream:75 - [STDERR_REDIRECT] Oct 22, 2025 5:02:08 PM java.util.prefs.FileSystemPreferences checkLockFile0ErrorCode
2025-10-22 17:02:08,711 [ERROR] LogOutputStream:75 - [STDERR_REDIRECT] WARNING: Could not lock System prefs. Unix error code 2.
2025-10-22 17:02:08,712 [ERROR] LogOutputStream:75 - [STDERR_REDIRECT] 
2025-10-22 17:02:08,851 [ERROR] LogOutputStream:75 - [STDERR_REDIRECT] Oct 22, 2025 5:02:08 PM java.util.prefs.FileSystemPreferences syncWorld
2025-10-22 17:02:08,852 [ERROR] LogOutputStream:75 - [STDERR_REDIRECT] WARNING: Couldn't flush system prefs: java.util.prefs.BackingStoreException: Couldn't get file lock.
2025-10-22 17:02:08,852 [ERROR] LogOutputStream:75 - [STDERR_REDIRECT] 
2025-10-22 17:02:39,285 [ERROR] LogOutputStream:75 - [STDERR_REDIRECT] Oct 22, 2025 5:02:39 PM java.util.prefs.FileSystemPreferences checkLockFile0ErrorCode
2025-10-22 17:02:39,286 [ERROR] LogOutputStream:75 - [STDERR_REDIRECT] WARNING: Could not lock System prefs. Unix error code 2.
2025-10-22 17:02:39,286 [ERROR] LogOutputStream:75 - [STDERR_REDIRECT] 
2025-10-22 17:02:39,288 [ERROR] LogOutputStream:75 - [STDERR_REDIRECT] Oct 22, 2025 5:02:39 PM java.util.prefs.FileSystemPreferences syncWorld
2025-10-22 17:02:39,289 [ERROR] LogOutputStream:75 - [STDERR_REDIRECT] WARNING: Couldn't flush system prefs: java.util.prefs.BackingStoreException: Couldn't get file lock.
2025-10-22 17:02:39,289 [ERROR] LogOutputStream:75 - [STDERR_REDIRECT] 
2025-10-22 17:02:49,260 [INFO] WebApp:194 - Connection lost
2025-10-22 17:03:02,970 [INFO] WebApp:191 - Connection restablished
2025-10-22 17:03:05,031 [INFO] WebApp:194 - Connection lost
2025-10-22 17:03:09,472 [ERROR] LogOutputStream:75 - [STDERR_REDIRECT] Oct 22, 2025 5:03:09 PM java.util.prefs.FileSystemPreferences checkLockFile0ErrorCode
2025-10-22 17:03:09,473 [ERROR] LogOutputStream:75 - [STDERR_REDIRECT] WARNING: Could not lock System prefs. Unix error code 2.
2025-10-22 17:03:09,488 [ERROR] LogOutputStream:75 - [STDERR_REDIRECT] 
2025-10-22 17:03:09,493 [ERROR] LogOutputStream:75 - [STDERR_REDIRECT] Oct 22, 2025 5:03:09 PM java.util.prefs.FileSystemPreferences syncWorld
2025-10-22 17:03:09,497 [ERROR] LogOutputStream:75 - [STDERR_REDIRECT] WARNING: Couldn't flush system prefs: java.util.prefs.BackingStoreException: Couldn't get file lock.
2025-10-22 17:03:09,498 [ERROR] LogOutputStream:75 - [STDERR_REDIRECT] 
2025-10-22 17:03:16,665 [INFO] WebApp:191 - Connection restablished
2025-10-22 17:03:39,545 [ERROR] LogOutputStream:75 - [STDERR_REDIRECT] Oct 22, 2025 5:03:39 PM java.util.prefs.FileSystemPreferences checkLockFile0ErrorCode
2025-10-22 17:03:39,581 [ERROR] LogOutputStream:75 - [STDERR_REDIRECT] WARNING: Could not lock System prefs. Unix error code 2.
2025-10-22 17:03:39,582 [ERROR] LogOutputStream:75 - [STDERR_REDIRECT] 
2025-10-22 17:03:39,884 [ERROR] LogOutputStream:75 - [STDERR_REDIRECT] Oct 22, 2025 5:03:39 PM java.util.prefs.FileSystemPreferences syncWorld
2025-10-22 17:03:39,884 [ERROR] LogOutputStream:75 - [STDERR_REDIRECT] WARNING: Couldn't flush system prefs: java.util.prefs.BackingStoreException: Couldn't get file lock.
2025-10-22 17:03:39,884 [ERROR] LogOutputStream:75 - [STDERR_REDIRECT] 
2025-10-22 17:04:09,330 [ERROR] LogOutputStream:75 - [STDERR_REDIRECT] Oct 22, 2025 5:04:09 PM java.util.prefs.FileSystemPreferences checkLockFile0ErrorCode
2025-10-22 17:04:09,333 [ERROR] LogOutputStream:75 - [STDERR_REDIRECT] WARNING: Could not lock System prefs. Unix error code 2.
2025-10-22 17:04:09,366 [ERROR] LogOutputStream:75 - [STDERR_REDIRECT] 
2025-10-22 17:04:09,367 [ERROR] LogOutputStream:75 - [STDERR_REDIRECT] Oct 22, 2025 5:04:09 PM java.util.prefs.FileSystemPreferences syncWorld
2025-10-22 17:04:09,380 [ERROR] LogOutputStream:75 - [STDERR_REDIRECT] WARNING: Couldn't flush system prefs: java.util.prefs.BackingStoreException: Couldn't get file lock.
2025-10-22 17:04:09,380 [ERROR] LogOutputStream:75 - [STDERR_REDIRECT] 
2025-10-22 17:04:40,903 [ERROR] LogOutputStream:75 - [STDERR_REDIRECT] Oct 22, 2025 5:04:40 PM java.util.prefs.FileSystemPreferences checkLockFile0ErrorCode
2025-10-22 17:04:40,904 [ERROR] LogOutputStream:75 - [STDERR_REDIRECT] WARNING: Could not lock System prefs. Unix error code 2.
2025-10-22 17:04:40,904 [ERROR] LogOutputStream:75 - [STDERR_REDIRECT] 
2025-10-22 17:04:40,919 [ERROR] LogOutputStream:75 - [STDERR_REDIRECT] Oct 22, 2025 5:04:40 PM java.util.prefs.FileSystemPreferences syncWorld
2025-10-22 17:04:40,919 [ERROR] LogOutputStream:75 - [STDERR_REDIRECT] WARNING: Couldn't flush system prefs: java.util.prefs.BackingStoreException: Couldn't get file lock.
2025-10-22 17:04:40,920 [ERROR] LogOutputStream:75 - [STDERR_REDIRECT] 
2025-10-22 17:05:09,984 [ERROR] LogOutputStream:75 - [STDERR_REDIRECT] Oct 22, 2025 5:05:09 PM java.util.prefs.FileSystemPreferences checkLockFile0ErrorCode
2025-10-22 17:05:09,985 [ERROR] LogOutputStream:75 - [STDERR_REDIRECT] WARNING: Could not lock System prefs. Unix error code 2.
2025-10-22 17:05:09,985 [ERROR] LogOutputStream:75 - [STDERR_REDIRECT] 
2025-10-22 17:05:09,987 [ERROR] LogOutputStream:75 - [STDERR_REDIRECT] Oct 22, 2025 5:05:09 PM java.util.prefs.FileSystemPreferences syncWorld
2025-10-22 17:05:09,988 [ERROR] LogOutputStream:75 - [STDERR_REDIRECT] WARNING: Couldn't flush system prefs: java.util.prefs.BackingStoreException: Couldn't get file lock.
2025-10-22 17:05:09,988 [ERROR] LogOutputStream:75 - [STDERR_REDIRECT] 
2025-10-22 17:05:39,931 [ERROR] LogOutputStream:75 - [STDERR_REDIRECT] Oct 22, 2025 5:05:39 PM java.util.prefs.FileSystemPreferences checkLockFile0ErrorCode
2025-10-22 17:05:39,932 [ERROR] LogOutputStream:75 - [STDERR_REDIRECT] WARNING: Could not lock System prefs. Unix error code 2.
2025-10-22 17:05:39,932 [ERROR] LogOutputStream:75 - [STDERR_REDIRECT] 
2025-10-22 17:05:39,934 [ERROR] LogOutputStream:75 - [STDERR_REDIRECT] Oct 22, 2025 5:05:39 PM java.util.prefs.FileSystemPreferences syncWorld
2025-10-22 17:05:39,935 [ERROR] LogOutputStream:75 - [STDERR_REDIRECT] WARNING: Couldn't flush system prefs: java.util.prefs.BackingStoreException: Couldn't get file lock.
2025-10-22 17:05:39,936 [ERROR] LogOutputStream:75 - [STDERR_REDIRECT] 
2025-10-22 17:06:09,953 [ERROR] LogOutputStream:75 - [STDERR_REDIRECT] Oct 22, 2025 5:06:09 PM java.util.prefs.FileSystemPreferences checkLockFile0ErrorCode
2025-10-22 17:06:09,953 [ERROR] LogOutputStream:75 - [STDERR_REDIRECT] WARNING: Could not lock System prefs. Unix error code 2.
2025-10-22 17:06:09,953 [ERROR] LogOutputStream:75 - [STDERR_REDIRECT] 
2025-10-22 17:06:09,953 [ERROR] LogOutputStream:75 - [STDERR_REDIRECT] Oct 22, 2025 5:06:09 PM java.util.prefs.FileSystemPreferences syncWorld
2025-10-22 17:06:09,954 [ERROR] LogOutputStream:75 - [STDERR_REDIRECT] WARNING: Couldn't flush system prefs: java.util.prefs.BackingStoreException: Couldn't get file lock.
2025-10-22 17:06:09,954 [ERROR] LogOutputStream:75 - [STDERR_REDIRECT] 
2025-10-22 17:06:39,993 [ERROR] LogOutputStream:75 - [STDERR_REDIRECT] Oct 22, 2025 5:06:39 PM java.util.prefs.FileSystemPreferences checkLockFile0ErrorCode
2025-10-22 17:06:39,994 [ERROR] LogOutputStream:75 - [STDERR_REDIRECT] WARNING: Could not lock System prefs. Unix error code 2.
2025-10-22 17:06:39,994 [ERROR] LogOutputStream:75 - [STDERR_REDIRECT] 
2025-10-22 17:06:39,998 [ERROR] LogOutputStream:75 - [STDERR_REDIRECT] Oct 22, 2025 5:06:39 PM java.util.prefs.FileSystemPreferences syncWorld
2025-10-22 17:06:39,998 [ERROR] LogOutputStream:75 - [STDERR_REDIRECT] WARNING: Couldn't flush system prefs: java.util.prefs.BackingStoreException: Couldn't get file lock.
2025-10-22 17:06:40,001 [ERROR] LogOutputStream:75 - [STDERR_REDIRECT] 
2025-10-22 17:07:09,980 [ERROR] LogOutputStream:75 - [STDERR_REDIRECT] Oct 22, 2025 5:07:09 PM java.util.prefs.FileSystemPreferences checkLockFile0ErrorCode
2025-10-22 17:07:09,981 [ERROR] LogOutputStream:75 - [STDERR_REDIRECT] WARNING: Could not lock System prefs. Unix error code 2.
2025-10-22 17:07:09,982 [ERROR] LogOutputStream:75 - [STDERR_REDIRECT] 
2025-10-22 17:07:09,982 [ERROR] LogOutputStream:75 - [STDERR_REDIRECT] Oct 22, 2025 5:07:09 PM java.util.prefs.FileSystemPreferences syncWorld
2025-10-22 17:07:09,983 [ERROR] LogOutputStream:75 - [STDERR_REDIRECT] WARNING: Couldn't flush system prefs: java.util.prefs.BackingStoreException: Couldn't get file lock.
2025-10-22 17:07:09,994 [ERROR] LogOutputStream:75 - [STDERR_REDIRECT] 
2025-10-22 17:07:40,000 [ERROR] LogOutputStream:75 - [STDERR_REDIRECT] Oct 22, 2025 5:07:39 PM java.util.prefs.FileSystemPreferences checkLockFile0ErrorCode
2025-10-22 17:07:40,001 [ERROR] LogOutputStream:75 - [STDERR_REDIRECT] WARNING: Could not lock System prefs. Unix error code 2.
2025-10-22 17:07:40,001 [ERROR] LogOutputStream:75 - [STDERR_REDIRECT] 
2025-10-22 17:07:40,002 [ERROR] LogOutputStream:75 - [STDERR_REDIRECT] Oct 22, 2025 5:07:40 PM java.util.prefs.FileSystemPreferences syncWorld
2025-10-22 17:07:40,002 [ERROR] LogOutputStream:75 - [STDERR_REDIRECT] WARNING: Couldn't flush system prefs: java.util.prefs.BackingStoreException: Couldn't get file lock.
2025-10-22 17:07:40,003 [ERROR] LogOutputStream:75 - [STDERR_REDIRECT] 
2025-10-22 17:08:10,094 [ERROR] LogOutputStream:75 - [STDERR_REDIRECT] Oct 22, 2025 5:08:10 PM java.util.prefs.FileSystemPreferences checkLockFile0ErrorCode
2025-10-22 17:08:10,095 [ERROR] LogOutputStream:75 - [STDERR_REDIRECT] WARNING: Could not lock System prefs. Unix error code 2.
2025-10-22 17:08:10,095 [ERROR] LogOutputStream:75 - [STDERR_REDIRECT] 
2025-10-22 17:08:10,096 [ERROR] LogOutputStream:75 - [STDERR_REDIRECT] Oct 22, 2025 5:08:10 PM java.util.prefs.FileSystemPreferences syncWorld
2025-10-22 17:08:10,097 [ERROR] LogOutputStream:75 - [STDERR_REDIRECT] WARNING: Couldn't flush system prefs: java.util.prefs.BackingStoreException: Couldn't get file lock.
2025-10-22 17:08:10,098 [ERROR] LogOutputStream:75 - [STDERR_REDIRECT] 
2025-10-22 17:08:40,134 [ERROR] LogOutputStream:75 - [STDERR_REDIRECT] Oct 22, 2025 5:08:40 PM java.util.prefs.FileSystemPreferences checkLockFile0ErrorCode
2025-10-22 17:08:40,181 [ERROR] LogOutputStream:75 - [STDERR_REDIRECT] WARNING: Could not lock System prefs. Unix error code 2.
2025-10-22 17:08:40,197 [ERROR] LogOutputStream:75 - [STDERR_REDIRECT] 
2025-10-22 17:08:40,458 [ERROR] LogOutputStream:75 - [STDERR_REDIRECT] Oct 22, 2025 5:08:40 PM java.util.prefs.FileSystemPreferences syncWorld
2025-10-22 17:08:40,459 [ERROR] LogOutputStream:75 - [STDERR_REDIRECT] WARNING: Couldn't flush system prefs: java.util.prefs.BackingStoreException: Couldn't get file lock.
2025-10-22 17:08:40,460 [ERROR] LogOutputStream:75 - [STDERR_REDIRECT] 
2025-10-22 17:09:01,656 [INFO] WebApp:194 - Connection lost
2025-10-22 17:09:06,487 [INFO] WebApp:191 - Connection restablished
2025-10-22 17:09:08,653 [INFO] WebApp:194 - Connection lost
2025-10-22 17:09:10,293 [ERROR] LogOutputStream:75 - [STDERR_REDIRECT] Oct 22, 2025 5:09:10 PM java.util.prefs.FileSystemPreferences checkLockFile0ErrorCode
2025-10-22 17:09:10,314 [ERROR] LogOutputStream:75 - [STDERR_REDIRECT] WARNING: Could not lock System prefs. Unix error code 2.
2025-10-22 17:09:10,315 [ERROR] LogOutputStream:75 - [STDERR_REDIRECT] 
2025-10-22 17:09:10,318 [ERROR] LogOutputStream:75 - [STDERR_REDIRECT] Oct 22, 2025 5:09:10 PM java.util.prefs.FileSystemPreferences syncWorld
2025-10-22 17:09:10,766 [INFO] WebApp:191 - Connection restablished
2025-10-22 17:09:10,792 [ERROR] LogOutputStream:75 - [STDERR_REDIRECT] WARNING: Couldn't flush system prefs: java.util.prefs.BackingStoreException: Couldn't get file lock.
2025-10-22 17:09:10,793 [ERROR] LogOutputStream:75 - [STDERR_REDIRECT] 
2025-10-22 17:09:40,245 [ERROR] LogOutputStream:75 - [STDERR_REDIRECT] Oct 22, 2025 5:09:40 PM java.util.prefs.FileSystemPreferences checkLockFile0ErrorCode
2025-10-22 17:09:40,245 [ERROR] LogOutputStream:75 - [STDERR_REDIRECT] WARNING: Could not lock System prefs. Unix error code 2.
2025-10-22 17:09:40,245 [ERROR] LogOutputStream:75 - [STDERR_REDIRECT] 
2025-10-22 17:09:40,265 [ERROR] LogOutputStream:75 - [STDERR_REDIRECT] Oct 22, 2025 5:09:40 PM java.util.prefs.FileSystemPreferences syncWorld
2025-10-22 17:09:40,285 [ERROR] LogOutputStream:75 - [STDERR_REDIRECT] WARNING: Couldn't flush system prefs: java.util.prefs.BackingStoreException: Couldn't get file lock.
2025-10-22 17:09:40,285 [ERROR] LogOutputStream:75 - [STDERR_REDIRECT] 
2025-10-22 17:10:10,760 [ERROR] LogOutputStream:75 - [STDERR_REDIRECT] Oct 22, 2025 5:10:10 PM java.util.prefs.FileSystemPreferences checkLockFile0ErrorCode
2025-10-22 17:10:10,760 [ERROR] LogOutputStream:75 - [STDERR_REDIRECT] WARNING: Could not lock System prefs. Unix error code 2.
2025-10-22 17:10:10,760 [ERROR] LogOutputStream:75 - [STDERR_REDIRECT] 
2025-10-22 17:10:10,761 [ERROR] LogOutputStream:75 - [STDERR_REDIRECT] Oct 22, 2025 5:10:10 PM java.util.prefs.FileSystemPreferences syncWorld
2025-10-22 17:10:10,775 [ERROR] LogOutputStream:75 - [STDERR_REDIRECT] WARNING: Couldn't flush system prefs: java.util.prefs.BackingStoreException: Couldn't get file lock.
2025-10-22 17:10:10,775 [ERROR] LogOutputStream:75 - [STDERR_REDIRECT] 
2025-10-22 17:10:13,704 [INFO] WebApp:194 - Connection lost
2025-10-22 17:10:25,373 [INFO] WebApp:191 - Connection restablished
2025-10-22 17:10:40,726 [ERROR] LogOutputStream:75 - [STDERR_REDIRECT] Oct 22, 2025 5:10:40 PM java.util.prefs.FileSystemPreferences checkLockFile0ErrorCode
2025-10-22 17:10:40,727 [ERROR] LogOutputStream:75 - [STDERR_REDIRECT] WARNING: Could not lock System prefs. Unix error code 2.
2025-10-22 17:10:40,727 [ERROR] LogOutputStream:75 - [STDERR_REDIRECT] 
2025-10-22 17:10:40,728 [ERROR] LogOutputStream:75 - [STDERR_REDIRECT] Oct 22, 2025 5:10:40 PM java.util.prefs.FileSystemPreferences syncWorld
2025-10-22 17:10:40,730 [ERROR] LogOutputStream:75 - [STDERR_REDIRECT] WARNING: Couldn't flush system prefs: java.util.prefs.BackingStoreException: Couldn't get file lock.
2025-10-22 17:10:40,730 [ERROR] LogOutputStream:75 - [STDERR_REDIRECT] 
2025-10-22 17:11:07,172 [INFO] WebApp:194 - Connection lost
2025-10-22 17:11:10,679 [ERROR] LogOutputStream:75 - [STDERR_REDIRECT] Oct 22, 2025 5:11:10 PM java.util.prefs.FileSystemPreferences checkLockFile0ErrorCode
2025-10-22 17:11:10,778 [ERROR] LogOutputStream:75 - [STDERR_REDIRECT] WARNING: Could not lock System prefs. Unix error code 2.
2025-10-22 17:11:10,778 [ERROR] LogOutputStream:75 - [STDERR_REDIRECT] 
2025-10-22 17:11:10,784 [ERROR] LogOutputStream:75 - [STDERR_REDIRECT] Oct 22, 2025 5:11:10 PM java.util.prefs.FileSystemPreferences syncWorld
2025-10-22 17:11:10,785 [ERROR] LogOutputStream:75 - [STDERR_REDIRECT] WARNING: Couldn't flush system prefs: java.util.prefs.BackingStoreException: Couldn't get file lock.
2025-10-22 17:11:10,785 [ERROR] LogOutputStream:75 - [STDERR_REDIRECT] 
2025-10-22 17:11:14,278 [INFO] WebApp:191 - Connection restablished
2025-10-22 17:11:20,216 [INFO] WebApp:194 - Connection lost
2025-10-22 17:11:33,737 [INFO] WebApp:191 - Connection restablished
2025-10-22 17:11:40,545 [ERROR] LogOutputStream:75 - [STDERR_REDIRECT] Oct 22, 2025 5:11:40 PM java.util.prefs.FileSystemPreferences checkLockFile0ErrorCode
2025-10-22 17:11:40,547 [ERROR] LogOutputStream:75 - [STDERR_REDIRECT] WARNING: Could not lock System prefs. Unix error code 2.
2025-10-22 17:11:40,551 [ERROR] LogOutputStream:75 - [STDERR_REDIRECT] 
2025-10-22 17:11:40,553 [ERROR] LogOutputStream:75 - [STDERR_REDIRECT] Oct 22, 2025 5:11:40 PM java.util.prefs.FileSystemPreferences syncWorld
2025-10-22 17:11:40,572 [ERROR] LogOutputStream:75 - [STDERR_REDIRECT] WARNING: Couldn't flush system prefs: java.util.prefs.BackingStoreException: Couldn't get file lock.
2025-10-22 17:11:40,573 [ERROR] LogOutputStream:75 - [STDERR_REDIRECT] 
2025-10-22 17:12:10,656 [ERROR] LogOutputStream:75 - [STDERR_REDIRECT] Oct 22, 2025 5:12:10 PM java.util.prefs.FileSystemPreferences checkLockFile0ErrorCode
2025-10-22 17:12:10,657 [ERROR] LogOutputStream:75 - [STDERR_REDIRECT] WARNING: Could not lock System prefs. Unix error code 2.
2025-10-22 17:12:10,657 [ERROR] LogOutputStream:75 - [STDERR_REDIRECT] 
2025-10-22 17:12:10,678 [ERROR] LogOutputStream:75 - [STDERR_REDIRECT] Oct 22, 2025 5:12:10 PM java.util.prefs.FileSystemPreferences syncWorld
2025-10-22 17:12:10,679 [ERROR] LogOutputStream:75 - [STDERR_REDIRECT] WARNING: Couldn't flush system prefs: java.util.prefs.BackingStoreException: Couldn't get file lock.
2025-10-22 17:12:10,775 [ERROR] LogOutputStream:75 - [STDERR_REDIRECT] 
2025-10-22 17:12:36,072 [INFO] WebApp:194 - Connection lost
2025-10-22 17:12:40,551 [ERROR] LogOutputStream:75 - [STDERR_REDIRECT] Oct 22, 2025 5:12:40 PM java.util.prefs.FileSystemPreferences checkLockFile0ErrorCode
2025-10-22 17:12:40,557 [ERROR] LogOutputStream:75 - [STDERR_REDIRECT] WARNING: Could not lock System prefs. Unix error code 2.
2025-10-22 17:12:40,557 [ERROR] LogOutputStream:75 - [STDERR_REDIRECT] 
2025-10-22 17:12:40,611 [ERROR] LogOutputStream:75 - [STDERR_REDIRECT] Oct 22, 2025 5:12:40 PM java.util.prefs.FileSystemPreferences syncWorld
2025-10-22 17:12:40,611 [ERROR] LogOutputStream:75 - [STDERR_REDIRECT] WARNING: Couldn't flush system prefs: java.util.prefs.BackingStoreException: Couldn't get file lock.
2025-10-22 17:12:40,611 [ERROR] LogOutputStream:75 - [STDERR_REDIRECT] 
2025-10-22 17:12:42,301 [INFO] WebApp:191 - Connection restablished
2025-10-22 17:13:10,801 [ERROR] LogOutputStream:75 - [STDERR_REDIRECT] Oct 22, 2025 5:13:10 PM java.util.prefs.FileSystemPreferences checkLockFile0ErrorCode
2025-10-22 17:13:10,803 [ERROR] LogOutputStream:75 - [STDERR_REDIRECT] WARNING: Could not lock System prefs. Unix error code 2.
2025-10-22 17:13:10,803 [ERROR] LogOutputStream:75 - [STDERR_REDIRECT] 
2025-10-22 17:13:10,945 [ERROR] LogOutputStream:75 - [STDERR_REDIRECT] Oct 22, 2025 5:13:10 PM java.util.prefs.FileSystemPreferences syncWorld
2025-10-22 17:13:11,060 [ERROR] LogOutputStream:75 - [STDERR_REDIRECT] WARNING: Couldn't flush system prefs: java.util.prefs.BackingStoreException: Couldn't get file lock.
2025-10-22 17:13:11,061 [ERROR] LogOutputStream:75 - [STDERR_REDIRECT] 
2025-10-22 17:13:40,817 [ERROR] LogOutputStream:75 - [STDERR_REDIRECT] Oct 22, 2025 5:13:40 PM java.util.prefs.FileSystemPreferences checkLockFile0ErrorCode
2025-10-22 17:13:40,900 [ERROR] LogOutputStream:75 - [STDERR_REDIRECT] WARNING: Could not lock System prefs. Unix error code 2.
2025-10-22 17:13:40,900 [ERROR] LogOutputStream:75 - [STDERR_REDIRECT] 
2025-10-22 17:13:40,911 [ERROR] LogOutputStream:75 - [STDERR_REDIRECT] Oct 22, 2025 5:13:40 PM java.util.prefs.FileSystemPreferences syncWorld
2025-10-22 17:13:40,911 [ERROR] LogOutputStream:75 - [STDERR_REDIRECT] WARNING: Couldn't flush system prefs: java.util.prefs.BackingStoreException: Couldn't get file lock.
2025-10-22 17:13:40,912 [ERROR] LogOutputStream:75 - [STDERR_REDIRECT] 
2025-10-22 17:14:10,669 [ERROR] LogOutputStream:75 - [STDERR_REDIRECT] Oct 22, 2025 5:14:10 PM java.util.prefs.FileSystemPreferences checkLockFile0ErrorCode
2025-10-22 17:14:10,671 [ERROR] LogOutputStream:75 - [STDERR_REDIRECT] WARNING: Could not lock System prefs. Unix error code 2.
2025-10-22 17:14:10,688 [ERROR] LogOutputStream:75 - [STDERR_REDIRECT] 
2025-10-22 17:14:10,708 [ERROR] LogOutputStream:75 - [STDERR_REDIRECT] Oct 22, 2025 5:14:10 PM java.util.prefs.FileSystemPreferences syncWorld
2025-10-22 17:14:10,720 [ERROR] LogOutputStream:75 - [STDERR_REDIRECT] WARNING: Couldn't flush system prefs: java.util.prefs.BackingStoreException: Couldn't get file lock.
2025-10-22 17:14:10,720 [ERROR] LogOutputStream:75 - [STDERR_REDIRECT] 
2025-10-22 17:14:40,599 [ERROR] LogOutputStream:75 - [STDERR_REDIRECT] Oct 22, 2025 5:14:40 PM java.util.prefs.FileSystemPreferences checkLockFile0ErrorCode
2025-10-22 17:14:40,599 [ERROR] LogOutputStream:75 - [STDERR_REDIRECT] WARNING: Could not lock System prefs. Unix error code 2.
2025-10-22 17:14:40,599 [ERROR] LogOutputStream:75 - [STDERR_REDIRECT] 
2025-10-22 17:14:40,601 [ERROR] LogOutputStream:75 - [STDERR_REDIRECT] Oct 22, 2025 5:14:40 PM java.util.prefs.FileSystemPreferences syncWorld
2025-10-22 17:14:40,601 [ERROR] LogOutputStream:75 - [STDERR_REDIRECT] WARNING: Couldn't flush system prefs: java.util.prefs.BackingStoreException: Couldn't get file lock.
2025-10-22 17:14:40,601 [ERROR] LogOutputStream:75 - [STDERR_REDIRECT] 
2025-10-22 17:15:11,047 [ERROR] LogOutputStream:75 - [STDERR_REDIRECT] Oct 22, 2025 5:15:10 PM java.util.prefs.FileSystemPreferences checkLockFile0ErrorCode
2025-10-22 17:15:11,048 [ERROR] LogOutputStream:75 - [STDERR_REDIRECT] WARNING: Could not lock System prefs. Unix error code 2.
2025-10-22 17:15:11,048 [ERROR] LogOutputStream:75 - [STDERR_REDIRECT] 
2025-10-22 17:15:11,085 [ERROR] LogOutputStream:75 - [STDERR_REDIRECT] Oct 22, 2025 5:15:11 PM java.util.prefs.FileSystemPreferences syncWorld
2025-10-22 17:15:11,085 [ERROR] LogOutputStream:75 - [STDERR_REDIRECT] WARNING: Couldn't flush system prefs: java.util.prefs.BackingStoreException: Couldn't get file lock.
2025-10-22 17:15:11,086 [ERROR] LogOutputStream:75 - [STDERR_REDIRECT] 
2025-10-22 17:15:40,751 [ERROR] LogOutputStream:75 - [STDERR_REDIRECT] Oct 22, 2025 5:15:40 PM java.util.prefs.FileSystemPreferences checkLockFile0ErrorCode
2025-10-22 17:15:40,751 [ERROR] LogOutputStream:75 - [STDERR_REDIRECT] WARNING: Could not lock System prefs. Unix error code 2.
2025-10-22 17:15:40,751 [ERROR] LogOutputStream:75 - [STDERR_REDIRECT] 
2025-10-22 17:15:40,751 [ERROR] LogOutputStream:75 - [STDERR_REDIRECT] Oct 22, 2025 5:15:40 PM java.util.prefs.FileSystemPreferences syncWorld
2025-10-22 17:15:40,752 [ERROR] LogOutputStream:75 - [STDERR_REDIRECT] WARNING: Couldn't flush system prefs: java.util.prefs.BackingStoreException: Couldn't get file lock.
2025-10-22 17:15:40,752 [ERROR] LogOutputStream:75 - [STDERR_REDIRECT] 
2025-10-22 17:16:10,776 [ERROR] LogOutputStream:75 - [STDERR_REDIRECT] Oct 22, 2025 5:16:10 PM java.util.prefs.FileSystemPreferences checkLockFile0ErrorCode
2025-10-22 17:16:10,777 [ERROR] LogOutputStream:75 - [STDERR_REDIRECT] WARNING: Could not lock System prefs. Unix error code 2.
2025-10-22 17:16:10,777 [ERROR] LogOutputStream:75 - [STDERR_REDIRECT] 
2025-10-22 17:16:10,778 [ERROR] LogOutputStream:75 - [STDERR_REDIRECT] Oct 22, 2025 5:16:10 PM java.util.prefs.FileSystemPreferences syncWorld
2025-10-22 17:16:10,780 [ERROR] LogOutputStream:75 - [STDERR_REDIRECT] WARNING: Couldn't flush system prefs: java.util.prefs.BackingStoreException: Couldn't get file lock.
2025-10-22 17:16:10,782 [ERROR] LogOutputStream:75 - [STDERR_REDIRECT] 
2025-10-22 17:16:40,761 [ERROR] LogOutputStream:75 - [STDERR_REDIRECT] Oct 22, 2025 5:16:40 PM java.util.prefs.FileSystemPreferences checkLockFile0ErrorCode
2025-10-22 17:16:40,762 [ERROR] LogOutputStream:75 - [STDERR_REDIRECT] WARNING: Could not lock System prefs. Unix error code 2.
2025-10-22 17:16:40,763 [ERROR] LogOutputStream:75 - [STDERR_REDIRECT] 
2025-10-22 17:16:40,815 [ERROR] LogOutputStream:75 - [STDERR_REDIRECT] Oct 22, 2025 5:16:40 PM java.util.prefs.FileSystemPreferences syncWorld
2025-10-22 17:16:40,816 [ERROR] LogOutputStream:75 - [STDERR_REDIRECT] WARNING: Couldn't flush system prefs: java.util.prefs.BackingStoreException: Couldn't get file lock.
2025-10-22 17:16:40,816 [ERROR] LogOutputStream:75 - [STDERR_REDIRECT] 
2025-10-22 17:17:10,759 [ERROR] LogOutputStream:75 - [STDERR_REDIRECT] Oct 22, 2025 5:17:10 PM java.util.prefs.FileSystemPreferences checkLockFile0ErrorCode
2025-10-22 17:17:10,760 [ERROR] LogOutputStream:75 - [STDERR_REDIRECT] WARNING: Could not lock System prefs. Unix error code 2.
2025-10-22 17:17:10,760 [ERROR] LogOutputStream:75 - [STDERR_REDIRECT] 
2025-10-22 17:17:10,761 [ERROR] LogOutputStream:75 - [STDERR_REDIRECT] Oct 22, 2025 5:17:10 PM java.util.prefs.FileSystemPreferences syncWorld
2025-10-22 17:17:10,761 [ERROR] LogOutputStream:75 - [STDERR_REDIRECT] WARNING: Couldn't flush system prefs: java.util.prefs.BackingStoreException: Couldn't get file lock.
2025-10-22 17:17:10,761 [ERROR] LogOutputStream:75 - [STDERR_REDIRECT] 
2025-10-22 17:17:40,765 [ERROR] LogOutputStream:75 - [STDERR_REDIRECT] Oct 22, 2025 5:17:40 PM java.util.prefs.FileSystemPreferences checkLockFile0ErrorCode
2025-10-22 17:17:40,765 [ERROR] LogOutputStream:75 - [STDERR_REDIRECT] WARNING: Could not lock System prefs. Unix error code 2.
2025-10-22 17:17:40,765 [ERROR] LogOutputStream:75 - [STDERR_REDIRECT] 
2025-10-22 17:17:40,766 [ERROR] LogOutputStream:75 - [STDERR_REDIRECT] Oct 22, 2025 5:17:40 PM java.util.prefs.FileSystemPreferences syncWorld
2025-10-22 17:17:40,766 [ERROR] LogOutputStream:75 - [STDERR_REDIRECT] WARNING: Couldn't flush system prefs: java.util.prefs.BackingStoreException: Couldn't get file lock.
2025-10-22 17:17:40,766 [ERROR] LogOutputStream:75 - [STDERR_REDIRECT] 
2025-10-22 17:18:10,914 [ERROR] LogOutputStream:75 - [STDERR_REDIRECT] Oct 22, 2025 5:18:10 PM java.util.prefs.FileSystemPreferences checkLockFile0ErrorCode
2025-10-22 17:18:10,915 [ERROR] LogOutputStream:75 - [STDERR_REDIRECT] WARNING: Could not lock System prefs. Unix error code 2.
2025-10-22 17:18:10,915 [ERROR] LogOutputStream:75 - [STDERR_REDIRECT] 
2025-10-22 17:18:10,915 [ERROR] LogOutputStream:75 - [STDERR_REDIRECT] Oct 22, 2025 5:18:10 PM java.util.prefs.FileSystemPreferences syncWorld
2025-10-22 17:18:10,916 [ERROR] LogOutputStream:75 - [STDERR_REDIRECT] WARNING: Couldn't flush system prefs: java.util.prefs.BackingStoreException: Couldn't get file lock.
2025-10-22 17:18:10,917 [ERROR] LogOutputStream:75 - [STDERR_REDIRECT] 
2025-10-22 17:18:20,010 [INFO] WebApp:194 - Connection lost
2025-10-22 17:18:34,511 [INFO] WebApp:191 - Connection restablished
2025-10-22 17:18:41,012 [ERROR] LogOutputStream:75 - [STDERR_REDIRECT] Oct 22, 2025 5:18:40 PM java.util.prefs.FileSystemPreferences checkLockFile0ErrorCode
2025-10-22 17:18:41,018 [ERROR] LogOutputStream:75 - [STDERR_REDIRECT] WARNING: Could not lock System prefs. Unix error code 2.
2025-10-22 17:18:41,018 [ERROR] LogOutputStream:75 - [STDERR_REDIRECT] 
2025-10-22 17:18:41,019 [ERROR] LogOutputStream:75 - [STDERR_REDIRECT] Oct 22, 2025 5:18:41 PM java.util.prefs.FileSystemPreferences syncWorld
2025-10-22 17:18:41,019 [ERROR] LogOutputStream:75 - [STDERR_REDIRECT] WARNING: Couldn't flush system prefs: java.util.prefs.BackingStoreException: Couldn't get file lock.
2025-10-22 17:18:41,019 [ERROR] LogOutputStream:75 - [STDERR_REDIRECT] 
2025-10-22 17:19:11,043 [ERROR] LogOutputStream:75 - [STDERR_REDIRECT] Oct 22, 2025 5:19:11 PM java.util.prefs.FileSystemPreferences checkLockFile0ErrorCode
2025-10-22 17:19:11,043 [ERROR] LogOutputStream:75 - [STDERR_REDIRECT] WARNING: Could not lock System prefs. Unix error code 2.
2025-10-22 17:19:11,043 [ERROR] LogOutputStream:75 - [STDERR_REDIRECT] 
2025-10-22 17:19:11,043 [ERROR] LogOutputStream:75 - [STDERR_REDIRECT] Oct 22, 2025 5:19:11 PM java.util.prefs.FileSystemPreferences syncWorld
2025-10-22 17:19:11,044 [ERROR] LogOutputStream:75 - [STDERR_REDIRECT] WARNING: Couldn't flush system prefs: java.util.prefs.BackingStoreException: Couldn't get file lock.
2025-10-22 17:19:11,044 [ERROR] LogOutputStream:75 - [STDERR_REDIRECT] 
2025-10-22 17:19:13,628 [INFO] WebApp:194 - Connection lost
2025-10-22 17:19:19,325 [INFO] WebApp:191 - Connection restablished
2025-10-22 17:19:41,119 [ERROR] LogOutputStream:75 - [STDERR_REDIRECT] Oct 22, 2025 5:19:41 PM java.util.prefs.FileSystemPreferences checkLockFile0ErrorCode
2025-10-22 17:19:41,120 [ERROR] LogOutputStream:75 - [STDERR_REDIRECT] WARNING: Could not lock System prefs. Unix error code 2.
2025-10-22 17:19:41,121 [ERROR] LogOutputStream:75 - [STDERR_REDIRECT] 
2025-10-22 17:19:41,121 [ERROR] LogOutputStream:75 - [STDERR_REDIRECT] Oct 22, 2025 5:19:41 PM java.util.prefs.FileSystemPreferences syncWorld
2025-10-22 17:19:41,122 [ERROR] LogOutputStream:75 - [STDERR_REDIRECT] WARNING: Couldn't flush system prefs: java.util.prefs.BackingStoreException: Couldn't get file lock.
2025-10-22 17:19:41,122 [ERROR] LogOutputStream:75 - [STDERR_REDIRECT] 
2025-10-22 17:20:04,896 [INFO] WebApp:194 - Connection lost
2025-10-22 17:20:11,113 [ERROR] LogOutputStream:75 - [STDERR_REDIRECT] Oct 22, 2025 5:20:11 PM java.util.prefs.FileSystemPreferences checkLockFile0ErrorCode
2025-10-22 17:20:11,264 [ERROR] LogOutputStream:75 - [STDERR_REDIRECT] WARNING: Could not lock System prefs. Unix error code 2.
2025-10-22 17:20:11,264 [ERROR] LogOutputStream:75 - [STDERR_REDIRECT] 
2025-10-22 17:20:11,265 [ERROR] LogOutputStream:75 - [STDERR_REDIRECT] Oct 22, 2025 5:20:11 PM java.util.prefs.FileSystemPreferences syncWorld
2025-10-22 17:20:11,265 [ERROR] LogOutputStream:75 - [STDERR_REDIRECT] WARNING: Couldn't flush system prefs: java.util.prefs.BackingStoreException: Couldn't get file lock.
2025-10-22 17:20:11,265 [ERROR] LogOutputStream:75 - [STDERR_REDIRECT] 
2025-10-22 17:20:24,225 [INFO] WebApp:191 - Connection restablished
2025-10-22 17:20:40,422 [INFO] WebApp:194 - Connection lost
2025-10-22 17:20:41,204 [ERROR] LogOutputStream:75 - [STDERR_REDIRECT] Oct 22, 2025 5:20:41 PM java.util.prefs.FileSystemPreferences checkLockFile0ErrorCode
2025-10-22 17:20:41,305 [ERROR] LogOutputStream:75 - [STDERR_REDIRECT] WARNING: Could not lock System prefs. Unix error code 2.
2025-10-22 17:20:41,305 [ERROR] LogOutputStream:75 - [STDERR_REDIRECT] 
2025-10-22 17:20:41,355 [ERROR] LogOutputStream:75 - [STDERR_REDIRECT] Oct 22, 2025 5:20:41 PM java.util.prefs.FileSystemPreferences syncWorld
2025-10-22 17:20:41,355 [ERROR] LogOutputStream:75 - [STDERR_REDIRECT] WARNING: Couldn't flush system prefs: java.util.prefs.BackingStoreException: Couldn't get file lock.
2025-10-22 17:20:41,355 [ERROR] LogOutputStream:75 - [STDERR_REDIRECT] 
2025-10-22 17:20:53,915 [INFO] WebApp:191 - Connection restablished
2025-10-22 17:20:56,576 [INFO] WebApp:194 - Connection lost
2025-10-22 17:21:10,592 [INFO] WebApp:191 - Connection restablished
2025-10-22 17:21:11,175 [ERROR] LogOutputStream:75 - [STDERR_REDIRECT] Oct 22, 2025 5:21:11 PM java.util.prefs.FileSystemPreferences checkLockFile0ErrorCode
2025-10-22 17:21:11,175 [ERROR] LogOutputStream:75 - [STDERR_REDIRECT] WARNING: Could not lock System prefs. Unix error code 2.
2025-10-22 17:21:11,176 [ERROR] LogOutputStream:75 - [STDERR_REDIRECT] 
2025-10-22 17:21:11,230 [ERROR] LogOutputStream:75 - [STDERR_REDIRECT] Oct 22, 2025 5:21:11 PM java.util.prefs.FileSystemPreferences syncWorld
2025-10-22 17:21:11,231 [ERROR] LogOutputStream:75 - [STDERR_REDIRECT] WARNING: Couldn't flush system prefs: java.util.prefs.BackingStoreException: Couldn't get file lock.
2025-10-22 17:21:11,231 [ERROR] LogOutputStream:75 - [STDERR_REDIRECT] 
2025-10-22 17:21:41,191 [ERROR] LogOutputStream:75 - [STDERR_REDIRECT] Oct 22, 2025 5:21:41 PM java.util.prefs.FileSystemPreferences checkLockFile0ErrorCode
2025-10-22 17:21:41,192 [ERROR] LogOutputStream:75 - [STDERR_REDIRECT] WARNING: Could not lock System prefs. Unix error code 2.
2025-10-22 17:21:41,213 [ERROR] LogOutputStream:75 - [STDERR_REDIRECT] 
2025-10-22 17:21:41,214 [ERROR] LogOutputStream:75 - [STDERR_REDIRECT] Oct 22, 2025 5:21:41 PM java.util.prefs.FileSystemPreferences syncWorld
2025-10-22 17:21:41,214 [ERROR] LogOutputStream:75 - [STDERR_REDIRECT] WARNING: Couldn't flush system prefs: java.util.prefs.BackingStoreException: Couldn't get file lock.
2025-10-22 17:21:41,214 [ERROR] LogOutputStream:75 - [STDERR_REDIRECT] 
2025-10-22 17:22:07,253 [INFO] WebApp:194 - Connection lost
2025-10-22 17:22:11,346 [ERROR] LogOutputStream:75 - [STDERR_REDIRECT] Oct 22, 2025 5:22:11 PM java.util.prefs.FileSystemPreferences checkLockFile0ErrorCode
2025-10-22 17:22:11,396 [ERROR] LogOutputStream:75 - [STDERR_REDIRECT] WARNING: Could not lock System prefs. Unix error code 2.
2025-10-22 17:22:11,397 [ERROR] LogOutputStream:75 - [STDERR_REDIRECT] 
2025-10-22 17:22:11,459 [ERROR] LogOutputStream:75 - [STDERR_REDIRECT] Oct 22, 2025 5:22:11 PM java.util.prefs.FileSystemPreferences syncWorld
2025-10-22 17:22:11,460 [ERROR] LogOutputStream:75 - [STDERR_REDIRECT] WARNING: Couldn't flush system prefs: java.util.prefs.BackingStoreException: Couldn't get file lock.
2025-10-22 17:22:11,488 [ERROR] LogOutputStream:75 - [STDERR_REDIRECT] 
2025-10-22 17:22:11,507 [INFO] WebApp:191 - Connection restablished
2025-10-22 17:22:27,278 [INFO] WebApp:194 - Connection lost
2025-10-22 17:22:31,983 [INFO] WebApp:191 - Connection restablished
2025-10-22 17:22:41,332 [ERROR] LogOutputStream:75 - [STDERR_REDIRECT] Oct 22, 2025 5:22:41 PM java.util.prefs.FileSystemPreferences checkLockFile0ErrorCode
2025-10-22 17:22:41,333 [ERROR] LogOutputStream:75 - [STDERR_REDIRECT] WARNING: Could not lock System prefs. Unix error code 2.
2025-10-22 17:22:41,333 [ERROR] LogOutputStream:75 - [STDERR_REDIRECT] 
2025-10-22 17:22:41,333 [ERROR] LogOutputStream:75 - [STDERR_REDIRECT] Oct 22, 2025 5:22:41 PM java.util.prefs.FileSystemPreferences syncWorld
2025-10-22 17:22:41,333 [ERROR] LogOutputStream:75 - [STDERR_REDIRECT] WARNING: Couldn't flush system prefs: java.util.prefs.BackingStoreException: Couldn't get file lock.
2025-10-22 17:22:41,334 [ERROR] LogOutputStream:75 - [STDERR_REDIRECT] 
2025-10-22 17:23:11,897 [ERROR] LogOutputStream:75 - [STDERR_REDIRECT] Oct 22, 2025 5:23:11 PM java.util.prefs.FileSystemPreferences checkLockFile0ErrorCode
2025-10-22 17:23:11,898 [ERROR] LogOutputStream:75 - [STDERR_REDIRECT] WARNING: Could not lock System prefs. Unix error code 2.
2025-10-22 17:23:11,898 [ERROR] LogOutputStream:75 - [STDERR_REDIRECT] 
2025-10-22 17:23:11,901 [ERROR] LogOutputStream:75 - [STDERR_REDIRECT] Oct 22, 2025 5:23:11 PM java.util.prefs.FileSystemPreferences syncWorld
2025-10-22 17:23:11,901 [ERROR] LogOutputStream:75 - [STDERR_REDIRECT] WARNING: Couldn't flush system prefs: java.util.prefs.BackingStoreException: Couldn't get file lock.
2025-10-22 17:23:11,901 [ERROR] LogOutputStream:75 - [STDERR_REDIRECT] 
2025-10-22 17:23:41,866 [ERROR] LogOutputStream:75 - [STDERR_REDIRECT] Oct 22, 2025 5:23:41 PM java.util.prefs.FileSystemPreferences checkLockFile0ErrorCode
2025-10-22 17:23:41,947 [ERROR] LogOutputStream:75 - [STDERR_REDIRECT] WARNING: Could not lock System prefs. Unix error code 2.
2025-10-22 17:23:41,947 [ERROR] LogOutputStream:75 - [STDERR_REDIRECT] 
2025-10-22 17:23:42,012 [ERROR] LogOutputStream:75 - [STDERR_REDIRECT] Oct 22, 2025 5:23:41 PM java.util.prefs.FileSystemPreferences syncWorld
2025-10-22 17:23:42,012 [ERROR] LogOutputStream:75 - [STDERR_REDIRECT] WARNING: Couldn't flush system prefs: java.util.prefs.BackingStoreException: Couldn't get file lock.
2025-10-22 17:23:42,422 [ERROR] LogOutputStream:75 - [STDERR_REDIRECT] 
2025-10-22 17:24:11,908 [ERROR] LogOutputStream:75 - [STDERR_REDIRECT] Oct 22, 2025 5:24:11 PM java.util.prefs.FileSystemPreferences checkLockFile0ErrorCode
2025-10-22 17:24:11,931 [ERROR] LogOutputStream:75 - [STDERR_REDIRECT] WARNING: Could not lock System prefs. Unix error code 2.
2025-10-22 17:24:11,965 [ERROR] LogOutputStream:75 - [STDERR_REDIRECT] 
2025-10-22 17:24:11,985 [ERROR] LogOutputStream:75 - [STDERR_REDIRECT] Oct 22, 2025 5:24:11 PM java.util.prefs.FileSystemPreferences syncWorld
2025-10-22 17:24:11,985 [ERROR] LogOutputStream:75 - [STDERR_REDIRECT] WARNING: Couldn't flush system prefs: java.util.prefs.BackingStoreException: Couldn't get file lock.
2025-10-22 17:24:11,985 [ERROR] LogOutputStream:75 - [STDERR_REDIRECT] 
2025-10-22 17:24:41,778 [ERROR] LogOutputStream:75 - [STDERR_REDIRECT] Oct 22, 2025 5:24:41 PM java.util.prefs.FileSystemPreferences checkLockFile0ErrorCode
2025-10-22 17:24:41,779 [ERROR] LogOutputStream:75 - [STDERR_REDIRECT] WARNING: Could not lock System prefs. Unix error code 2.
2025-10-22 17:24:41,779 [ERROR] LogOutputStream:75 - [STDERR_REDIRECT] 
2025-10-22 17:24:41,780 [ERROR] LogOutputStream:75 - [STDERR_REDIRECT] Oct 22, 2025 5:24:41 PM java.util.prefs.FileSystemPreferences syncWorld
2025-10-22 17:24:41,780 [ERROR] LogOutputStream:75 - [STDERR_REDIRECT] WARNING: Couldn't flush system prefs: java.util.prefs.BackingStoreException: Couldn't get file lock.
2025-10-22 17:24:41,780 [ERROR] LogOutputStream:75 - [STDERR_REDIRECT] 
2025-10-22 17:25:11,772 [ERROR] LogOutputStream:75 - [STDERR_REDIRECT] Oct 22, 2025 5:25:11 PM java.util.prefs.FileSystemPreferences checkLockFile0ErrorCode
2025-10-22 17:25:11,773 [ERROR] LogOutputStream:75 - [STDERR_REDIRECT] WARNING: Could not lock System prefs. Unix error code 2.
2025-10-22 17:25:11,774 [ERROR] LogOutputStream:75 - [STDERR_REDIRECT] 
2025-10-22 17:25:11,774 [ERROR] LogOutputStream:75 - [STDERR_REDIRECT] Oct 22, 2025 5:25:11 PM java.util.prefs.FileSystemPreferences syncWorld
2025-10-22 17:25:11,774 [ERROR] LogOutputStream:75 - [STDERR_REDIRECT] WARNING: Couldn't flush system prefs: java.util.prefs.BackingStoreException: Couldn't get file lock.
2025-10-22 17:25:11,775 [ERROR] LogOutputStream:75 - [STDERR_REDIRECT] 
2025-10-22 17:25:41,768 [ERROR] LogOutputStream:75 - [STDERR_REDIRECT] Oct 22, 2025 5:25:41 PM java.util.prefs.FileSystemPreferences checkLockFile0ErrorCode
2025-10-22 17:25:41,769 [ERROR] LogOutputStream:75 - [STDERR_REDIRECT] WARNING: Could not lock System prefs. Unix error code 2.
2025-10-22 17:25:41,769 [ERROR] LogOutputStream:75 - [STDERR_REDIRECT] 
2025-10-22 17:25:41,770 [ERROR] LogOutputStream:75 - [STDERR_REDIRECT] Oct 22, 2025 5:25:41 PM java.util.prefs.FileSystemPreferences syncWorld
2025-10-22 17:25:41,773 [ERROR] LogOutputStream:75 - [STDERR_REDIRECT] WARNING: Couldn't flush system prefs: java.util.prefs.BackingStoreException: Couldn't get file lock.
2025-10-22 17:25:41,773 [ERROR] LogOutputStream:75 - [STDERR_REDIRECT] 
2025-10-22 17:26:11,801 [ERROR] LogOutputStream:75 - [STDERR_REDIRECT] Oct 22, 2025 5:26:11 PM java.util.prefs.FileSystemPreferences checkLockFile0ErrorCode
2025-10-22 17:26:11,802 [ERROR] LogOutputStream:75 - [STDERR_REDIRECT] WARNING: Could not lock System prefs. Unix error code 2.
2025-10-22 17:26:11,802 [ERROR] LogOutputStream:75 - [STDERR_REDIRECT] 
2025-10-22 17:26:11,803 [ERROR] LogOutputStream:75 - [STDERR_REDIRECT] Oct 22, 2025 5:26:11 PM java.util.prefs.FileSystemPreferences syncWorld
2025-10-22 17:26:11,803 [ERROR] LogOutputStream:75 - [STDERR_REDIRECT] WARNING: Couldn't flush system prefs: java.util.prefs.BackingStoreException: Couldn't get file lock.
2025-10-22 17:26:11,803 [ERROR] LogOutputStream:75 - [STDERR_REDIRECT] 
2025-10-22 17:26:41,765 [ERROR] LogOutputStream:75 - [STDERR_REDIRECT] Oct 22, 2025 5:26:41 PM java.util.prefs.FileSystemPreferences checkLockFile0ErrorCode
2025-10-22 17:26:41,766 [ERROR] LogOutputStream:75 - [STDERR_REDIRECT] WARNING: Could not lock System prefs. Unix error code 2.
2025-10-22 17:26:41,766 [ERROR] LogOutputStream:75 - [STDERR_REDIRECT] 
2025-10-22 17:26:41,767 [ERROR] LogOutputStream:75 - [STDERR_REDIRECT] Oct 22, 2025 5:26:41 PM java.util.prefs.FileSystemPreferences syncWorld
2025-10-22 17:26:41,768 [ERROR] LogOutputStream:75 - [STDERR_REDIRECT] WARNING: Couldn't flush system prefs: java.util.prefs.BackingStoreException: Couldn't get file lock.
2025-10-22 17:26:41,768 [ERROR] LogOutputStream:75 - [STDERR_REDIRECT] 
